Pokemon,Numero Carte,Numero Set,Generazione Pokemon,Prezzo Non-Holo(€),Prezzo Holo(€),Prezzo Reverse Holo(€),Positivo,Negativo
Abomasnow,15,13,Gen-4,1.84,0.8,1.53,0.4898417849830393,0.5101582184642441
Abra,22,13,Gen-1,3.67,4.71,17.06,0.23200720665551222,0.7679927903252816
Absol,32,24,Gen-3,12.75,3.73,5.22,0.5090986506547778,0.49090135015420977
Accelgor,12,9,Gen-5,0.84,0.67,1.57,0.48652667614959344,0.5134733228221209
Aegislash,27,12,Gen-6,10.9,0.61,1.19,0.43798363442704263,0.5620163692520898
Aerodactyl,33,17,Gen-1,21.15,13.32,12.75,0.46563948773520836,0.534360514227402
Aggron,25,19,Gen-3,9.71,1.38,3.87,0.4807925205159335,0.5192074810008004
Aipom,21,16,Gen-2,5.48,1.34,1.75,0.1986546392759514,0.8013453468059499
Alakazam,37,19,Gen-1,55.48,11.36,45.95,0.5244947250559925,0.475505274562165
Alcremie,10,6,Gen-8,2.97,0.31,0.71,0.5510351382462041,0.4489648415307913
Alomomola,7,6,Gen-5,9.92,0.85,0.98,0.4180083589707293,0.5819916408745305
Altaria,41,26,Gen-3,13.28,0.95,3.1,0.27534238682128476,0.7246576386503876
Amaura,3,2,Gen-6,0.0,0.6,1.2,0.5307856486952482,0.4692143514893311
Ambipom,11,11,Gen-4,6.84,0.46,1.15,0.38428700032111784,0.6157129942572542
Amoonguss,9,8,Gen-5,7.87,0.38,1.3,0.4645004943308848,0.5354995070919689
Ampharos,42,24,Gen-2,19.12,3.78,8.83,0.3960179413509804,0.6039820630557653
Annihilape,6,4,Gen-9,2.26,3.06,0.45,0.5858002039684872,0.41419979665104456
Anorith,10,8,Gen-3,0.0,0.82,2.24,0.3441201828992799,0.655879818393874
Appletun,4,4,Gen-8,2.07,0.53,1.0,0.5163545071639613,0.4836454911300123
Applin,7,4,Gen-8,4.75,0.05,0.55,0.45141017811117234,0.5485898238680748
Araquanid,8,8,Gen-7,0.0,0.44,1.13,0.37691855328827395,0.6230814482599687
Arbok,26,16,Gen-1,18.49,4.87,10.26,0.44222200477151596,0.5577779966355909
Arboliva,4,3,Gen-9,2.26,0.05,0.52,0.3667426396505502,0.6332573455393962
Arcanine,53,34,Gen-1,58.78,8.44,12.7,0.45666999374390443,0.5433300061176556
Arceus,31,9,Gen-4,16.39,0.0,0.0,0.35208285391636956,0.6479171441809215
Archen,4,4,Gen-5,0.0,0.54,1.27,0.19669424014187645,0.8033057643793695
Archeops,7,6,Gen-5,10.08,3.64,5.26,0.574692769607409,0.4253072302784582
Arctibax,4,3,Gen-9,3.98,0.05,0.52,0.5124989810360173,0.4875010219915131
Arctovish,4,3,Gen-8,2.55,1.59,3.48,0.6857950275710375,0.31420497404781494
Arctozolt,4,3,Gen-8,12.74,0.0,1.35,0.321324602267253,0.6786753995198088
Ariados,21,18,Gen-2,8.23,2.02,2.9,0.4729737214818091,0.5270262794287571
Armaldo,10,9,Gen-3,20.44,7.42,5.99,0.25204019937234023,0.7479597986675799
Armarouge,9,5,Gen-9,4.48,0.05,0.35,0.4437395863479907,0.5562604143813621
Aromatisse,6,5,Gen-6,3.97,1.71,2.26,0.49453332249233317,0.5054666760272153
Aron,23,20,Gen-3,0.0,1.03,3.33,0.4134356901895613,0.5865643127786677
Arrokuda,5,5,Gen-8,2.49,0.17,0.37,0.478419518721048,0.5215804824420187
Articuno,46,26,Gen-1,26.64,15.54,13.52,0.43623275211108703,0.5637672467143344
Audino,17,12,Gen-5,3.9,1.36,1.1,0.5304026227117129,0.46959737828550496
Aurorus,5,4,Gen-6,3.52,3.53,4.64,0.4812180114359679,0.5187819754055728
Avalugg,9,5,Gen-6,0.0,0.41,0.85,0.6012986292718906,0.398701374254076
Axew,13,9,Gen-5,3.89,33.89,1.0,0.4530612770551899,0.5469387235950578
Azelf,13,9,Gen-4,12.17,1.64,5.08,0.5143148216964869,0.4856851828958967
Azumarill,22,16,Gen-2,22.01,2.08,6.75,0.5412750063132122,0.4587249936455572
Azurill,4,4,Gen-3,0.0,3.91,11.96,0.3321519716209877,0.6678480269947613
Bagon,27,15,Gen-3,3.27,4.1,7.65,0.3670473498843794,0.6329526507084303
Baltoy,29,24,Gen-3,0.0,0.71,2.24,0.32716326948353325,0.6728367293449609
Banette,23,16,Gen-3,8.86,2.72,4.59,0.5419193675702748,0.45808062917397663
Barbaracle,5,5,Gen-6,0.32,0.64,1.13,0.5109726299955692,0.48902736883610487
Barboach,10,10,Gen-3,0.0,1.35,1.53,0.3791086522275387,0.620891349632681
Barraskewda,4,4,Gen-8,2.78,0.26,1.04,0.4569869205147373,0.5430130810297391
Basculegion,3,3,Gen-8,1.66,0.05,1.09,0.5621287469774847,0.43787124764810237
Basculin,9,8,Gen-5,2.05,0.46,1.01,0.5009794357498465,0.49902056383316284
Bastiodon,9,8,Gen-4,1.74,4.6,1.4,0.5662677547717023,0.4337322458602665
Baxcalibur,5,3,Gen-9,7.16,49.76,0.79,0.5024317681257213,0.4975682341859542
Bayleef,14,9,Gen-2,0.0,3.45,6.68,0.24194258168764343,0.7580574178948669
Beartic,12,8,Gen-5,2.26,0.62,1.47,0.3612975838170334,0.6387024098756104
Beedrill,37,26,Gen-1,16.08,6.33,7.72,0.4346057831372917,0.5653942171337621
Beheeyem,9,8,Gen-5,4.79,1.12,1.29,0.4683636043484686,0.5316363967897701
Beldum,23,18,Gen-3,1.24,1.2,2.2,0.5320216839890057,0.46797833177491843
Bellibolt,7,4,Gen-9,2.55,0.05,0.41,0.5465580661052749,0.45344193296418894
Bellossom,15,12,Gen-2,14.21,1.71,4.25,0.2658631208794214,0.7341368788236438
Bellsprout,21,15,Gen-1,0.0,1.51,3.95,0.4705673412112289,0.5294326583274214
Bergmite,5,5,Gen-6,0.0,0.43,0.82,0.543836991087981,0.45616300917710306
Bewear,16,12,Gen-7,5.25,0.52,1.78,0.49819420671683223,0.5018057935174355
Bibarel,13,12,Gen-4,3.07,3.14,2.24,0.460175222952135,0.5398247819809642
Bidoof,18,15,Gen-4,158.35,2.36,2.82,0.37909437935715307,0.6209056230024959
Binacle,6,6,Gen-6,0.0,0.6,0.48,0.5964366993057015,0.4035633016762364
Bisharp,22,17,Gen-5,2.44,0.52,1.29,0.40029479814020075,0.5997052099780146
Blacephalon,8,5,Gen-7,11.65,2.64,3.66,0.2809885717888777,0.7190114281244299
Blastoise,67,29,Gen-1,40.28,34.6,42.35,0.5549880556762219,0.44501194376498454
Blaziken,33,20,Gen-3,14.61,7.05,8.23,0.5228088270993803,0.4771911733985953
Blipbug,6,5,Gen-8,2.34,0.1,0.36,0.39668656438352,0.6033134324799532
Blissey,25,19,Gen-2,25.12,1.55,2.82,0.46587548944803325,0.5341245095975126
Boldore,7,5,Gen-5,0.0,0.55,0.66,0.5030733008813391,0.49692670247559223
Boltund,14,8,Gen-8,3.19,0.24,0.99,0.593128782297295,0.40687122321646424
Bombirdier,5,3,Gen-9,3.37,0.05,0.36,0.4705709437604865,0.5294290584058333
Bonsly,2,2,Gen-4,0.0,3.35,0.74,0.29318684920361454,0.7068131470867822
Bouffalant,10,9,Gen-5,0.0,0.68,1.38,0.4892231073773476,0.5107768938596212
Bounsweet,6,6,Gen-7,0.0,0.28,0.84,0.4857558438936803,0.5142441522576753
Braixen,9,7,Gen-6,1.17,0.63,1.66,0.5307856486952482,0.4692143514893311
Brambleghast,2,2,Gen-9,0.81,0.05,0.36,0.4170222437940537,0.5829777664194503
Bramblin,4,2,Gen-9,7.34,0.05,0.21,0.1629737938887305,0.8370262142270803
Braviary,9,9,Gen-5,2.9,0.62,1.26,0.27871351760492297,0.7212864841342936
Breloom,15,14,Gen-3,6.65,0.83,2.44,0.42472472754004886,0.5752752701694195
Brionne,3,2,Gen-7,1.26,0.76,3.72,0.523892907214246,0.47610709496485193
Bronzong,28,23,Gen-4,6.67,1.4,1.74,0.4914515970328024,0.5085484021183635
Bronzor,20,17,Gen-4,3.51,1.22,1.44,0.22461598982505138,0.7753840123370894
Brute Bonnet,3,2,Gen-9,3.56,0.05,0.43,0.3851627292144193,0.6148372700830038
Bruxish,7,6,Gen-7,21.08,0.74,0.49,0.3843962809289305,0.615603716044271
Budew,3,3,Gen-4,0.0,6.67,3.76,0.5527865629091306,0.4472134386361748
Buizel,17,16,Gen-4,11.59,2.04,1.11,0.515625559914691,0.48437444131026497
Bulbasaur,33,20,Gen-1,9.25,7.13,24.16,0.45250678863019345,0.547493212418765
Buneary,13,13,Gen-4,5.79,1.46,1.9,0.3148708954127505,0.6851291055950735
Bunnelby,17,16,Gen-6,1.29,0.44,1.12,0.535062603432044,0.4649373971409611
Burmy,12,6,Gen-4,0.0,2.24,1.25,0.5186358577612624,0.4813641390310548
Butterfree,27,20,Gen-1,8.9,4.94,7.75,0.49772998085403874,0.5022700192077325
Buzzwole,18,8,Gen-7,9.2,2.64,3.43,0.5303898745831985,0.4696101255943423
Cacnea,17,15,Gen-3,0.0,3.79,2.03,0.4378832991776578,0.5621167002625578
Cacturne,14,13,Gen-3,18.6,3.48,3.33,0.4378832991776578,0.5621167002625578
Calyrex,11,4,Gen-8,4.42,0.0,1.53,0.5242152015708735,0.47578479625994885
Camerupt,27,21,Gen-3,8.06,1.81,2.48,0.5125632511224723,0.48743675211501625
Capsakid,5,3,Gen-9,0.0,0.0,0.0,0.5692459060810506,0.4307540914213115
Carkol,4,4,Gen-8,2.84,0.05,0.17,0.5453933421180892,0.4546066642863055
Carracosta,4,4,Gen-5,3.06,1.33,2.57,0.5054918340144112,0.49450816468376174
Carvanha,22,20,Gen-3,2.7,0.73,2.67,0.517967668105848,0.4820323338438928
Castform,18,9,Gen-3,1.17,2.5,7.96,0.5000477320054636,0.4999522726284339
Caterpie,25,20,Gen-1,8.14,1.7,9.49,0.5368571931151447,0.463142808791005
Celebi,33,22,Gen-2,115.37,17.41,38.96,0.5347700487735229,0.46522995474070256
Celesteela,11,5,Gen-7,9.77,0.0,2.38,0.5864832531353283,0.4135167477300987
Centiskorch,16,9,Gen-8,3.26,0.54,0.59,0.20221324545065195,0.7977867611634013
Ceruledge,4,2,Gen-9,4.07,0.0,0.36,0.47620051143731645,0.5237994908222857
Cetitan,4,4,Gen-9,1.38,0.05,0.29,0.3517598025500773,0.6482402191031723
Cetoddle,5,3,Gen-9,0.0,0.12,0.4,0.27150479808139294,0.7284952013442914
Chandelure,24,16,Gen-5,5.27,1.92,2.94,0.48968888392229953,0.5103111185007175
Chansey,31,25,Gen-1,126.21,2.87,4.44,0.14781696382264609,0.8521830343085814
Charcadet,9,5,Gen-9,4.5,0.05,0.34,0.3661319945176893,0.6338680077344179
Charizard,134,49,Gen-1,177.18,52.4,240.68,0.4932293550169826,0.506770644130687
Charjabug,7,6,Gen-7,2.78,0.37,0.52,0.4183738976732726,0.5816261038637242
Charmander,60,34,Gen-1,20.03,4.77,22.2,0.5697798561136311,0.4302201418873951
Charmeleon,42,29,Gen-1,23.25,9.61,13.86,0.42791530567531777,0.5720846917887159
Chatot,17,15,Gen-4,13.74,1.61,1.36,0.5409819468034949,0.4590180520755574
Cherrim,12,11,Gen-4,11.29,3.52,3.37,0.2823375852413394,0.7176624120032187
Cherubi,12,12,Gen-4,0.0,1.75,2.5,0.3361036737593127,0.6638963288488857
Chesnaught,10,5,Gen-6,8.06,3.41,1.9,0.34014733350064974,0.6598526525535974
Chespin,9,6,Gen-6,4.99,0.76,1.82,0.536287486850239,0.4637125155343973
Chewtle,5,4,Gen-8,2.49,0.18,0.63,0.5078013429753443,0.4921986588559024
Chi-Yu,9,5,Gen-9,19.4,0.05,0.14,0.3166441812936681,0.6833558124490082
Chien-Pao,7,4,Gen-9,11.34,0.0,0.23,0.22346107900057993,0.7765389226525176
Chikorita,18,12,Gen-2,2.62,3.25,3.49,0.5812534684031582,0.41874653462771283
Chimchar,20,14,Gen-4,6.89,2.85,2.5,0.35414742093292206,0.6458525789565158
Chimecho,15,14,Gen-3,3.68,15.79,3.44,0.42215177025645967,0.577848234907724
Chinchou,28,22,Gen-2,0.0,1.01,2.62,0.39724958440373564,0.6027504132467915
Chingling,4,3,Gen-4,0.0,8.46,12.04,0.49237465973649364,0.5076253430942368
Cinccino,15,11,Gen-5,13.65,0.63,2.27,0.5361381130393308,0.4638618869406098
Cinderace,21,6,Gen-8,3.15,2.0,1.73,0.5428484287697526,0.457151574362469
Clamperl,6,6,Gen-3,0.0,0.78,2.22,0.533220279990245,0.4667797207470519
Clauncher,7,6,Gen-6,5.52,0.33,0.24,0.4826250564542335,0.5173749443484416
Clawitzer,8,6,Gen-6,6.69,0.38,0.52,0.2669899903393751,0.7330100103537764
Claydol,26,23,Gen-3,9.41,1.08,3.86,0.21173804803798404,0.7882619514507175
Clefable,32,24,Gen-1,95.16,2.04,3.34,0.412426301693687,0.5875737044458778
Clefairy,44,29,Gen-1,32.32,4.95,2.23,0.385799314904337,0.6142006962870556
Cleffa,21,15,Gen-2,6.63,4.36,7.91,0.4803749072076431,0.5196250834737786
Clobbopus,6,5,Gen-8,2.74,0.12,0.32,0.36844254990417535,0.6315574502864407
Clodsire,6,3,Gen-9,2.28,0.17,0.74,0.29439487449560015,0.7056051312932087
Cloyster,17,13,Gen-1,26.69,2.82,4.77,0.6410614139666515,0.35893858736380924
Coalossal,12,7,Gen-8,7.33,0.05,0.95,0.4381761168341201,0.5618238836630352
Cobalion,17,11,Gen-5,9.08,0.58,2.28,0.4598595755431874,0.5401404274270782
Cofagrigus,9,5,Gen-5,4.02,2.94,2.06,0.35557722151344445,0.6444227810072131
Combee,15,14,Gen-4,0.0,0.62,0.82,0.3148708954127505,0.6851291055950735
Combusken,26,20,Gen-3,3.5,3.87,5.17,0.32224093001518067,0.6777590707491111
Comfey,4,4,Gen-7,2.91,2.95,1.28,0.3057800087479075,0.6942199983900147
Conkeldurr,9,6,Gen-5,4.22,0.97,1.59,0.44227103865307416,0.5577289547500575
Copperajah,13,9,Gen-8,2.43,0.05,0.74,0.5233194333774607,0.4766805695246273
Corphish,17,12,Gen-3,0.0,0.79,2.0,0.37321414864579305,0.626785853502735
Corsola,16,15,Gen-2,2.76,1.52,2.16,0.27376295717124255,0.7262370451329363
Corviknight,13,8,Gen-8,4.89,0.61,0.98,0.5133287297481169,0.48667127041307345
Corvisquire,5,5,Gen-8,2.96,0.16,0.78,0.30267521200823955,0.6973247858949003
Cosmoem,5,5,Gen-7,0.67,0.61,1.64,0.5658620074527114,0.4341379961421771
Cosmog,11,8,Gen-7,4.79,1.66,0.72,0.2927010748011525,0.707298927528318
Cottonee,13,12,Gen-5,0.0,0.42,0.62,0.2935435771254229,0.7064564197895709
Crabominable,9,7,Gen-7,10.52,0.31,0.98,0.6857950275710375,0.31420497404781494
Crabrawler,6,6,Gen-7,1.62,0.07,0.35,0.48281150174915555,0.5171884985662669
Cradily,8,8,Gen-3,14.56,1.35,6.12,0.4290409217704023,0.5709590804205936
Cramorant,13,7,Gen-8,1.89,0.37,0.64,0.5537131113490383,0.4462868884745004
Cranidos,6,6,Gen-4,3.41,0.69,3.31,0.3073032014012379,0.6926967985624837
Crawdaunt,13,11,Gen-3,15.5,1.27,2.9,0.5498638631630769,0.45013613616680476
Cresselia,17,13,Gen-4,18.38,0.18,2.97,0.4487350264401223,0.5512649747144319
Croagunk,21,20,Gen-4,0.92,3.86,1.07,0.4357805135992488,0.564219485640171
Crobat,44,28,Gen-2,27.04,3.6,18.78,0.3094250921117649,0.6905749108727005
Crocalor,5,4,Gen-9,4.8,0.05,0.43,0.5905125408993112,0.40948746137019953
Croconaw,19,14,Gen-2,0.0,2.9,5.04,0.28907034162374756,0.7109296584763286
Crustle,8,7,Gen-5,3.94,0.39,1.77,0.4649182311771437,0.5350817754678429
Cryogonal,9,6,Gen-5,1.04,0.48,1.15,0.4836028704106372,0.5163971287814577
Cubchoo,9,8,Gen-5,0.0,0.19,0.87,0.37516932216391935,0.6248306783928496
Cubone,23,21,Gen-1,5.36,2.28,9.85,0.24742639742592473,0.7525736073492072
Cufant,8,6,Gen-8,7.35,0.06,0.48,0.555325208188733,0.44467479685670697
Cursola,5,4,Gen-8,1.92,0.13,0.94,0.5167267486713385,0.4832732505055042
Cutiefly,8,7,Gen-7,2.96,0.5,0.21,0.5291861542344292,0.4708138449530072
Cyclizar,10,5,Gen-9,2.22,0.32,0.26,0.5131456384298415,0.4868543648921886
Cyndaquil,22,16,Gen-2,1.61,2.68,8.36,0.5923806134670814,0.40761938765843175
Dachsbun,3,2,Gen-9,4.2,0.59,0.4,0.3150609011742441,0.6849390993953594
Darkrai,42,24,Gen-4,10.0,5.67,4.97,0.6326921554864384,0.3673078501306008
Darmanitan,20,13,Gen-5,8.49,0.94,1.47,0.5926199572046148,0.40738004354589574
Dartrix,11,9,Gen-7,3.62,0.33,0.52,0.36421232053397,0.6357876829437534
Darumaka,14,13,Gen-5,3.97,0.86,0.97,0.35901067544249243,0.6409893255873185
Decidueye,24,13,Gen-7,6.72,1.45,0.97,0.4456907904363776,0.5543092083749606
Dedenne,25,19,Gen-6,5.17,0.9,1.84,0.33994344730551035,0.6600565455543498
Deerling,7,6,Gen-5,7.16,0.51,0.96,0.5258601264407237,0.4741398721157262
Deino,16,10,Gen-5,0.0,0.38,1.01,0.5489773684325634,0.45102263211762306
Delcatty,23,18,Gen-3,12.56,1.17,2.36,0.34257567351621176,0.6574243253117866
Delibird,16,10,Gen-2,28.08,7.68,6.96,0.5551345845142382,0.4448654175887079
Delphox,13,7,Gen-6,2.5,0.82,2.48,0.5033756580982376,0.49662434270665523
Deoxys,44,19,Gen-3,27.67,12.23,15.86,0.191226286958887,0.8087737148520178
Dewgong,21,15,Gen-1,38.07,5.49,9.54,0.3630868615349754,0.6369131360203026
Dewott,9,7,Gen-5,9.63,0.69,1.27,0.48281150174915555,0.5171884985662669
Dewpider,8,8,Gen-7,0.0,0.43,0.65,0.37691855328827395,0.6230814482599687
Dhelmise,13,10,Gen-7,1.74,0.24,0.84,0.47317979376142205,0.5268202070146798
Dialga,53,23,Gen-4,21.11,15.35,6.67,0.5315778253856918,0.46842217541717246
Diancie,15,13,Gen-6,3.86,0.0,2.67,0.4180083589707293,0.5819916408745305
Diggersby,10,10,Gen-6,0.0,0.43,0.81,0.535062603432044,0.4649373971409611
Diglett,32,25,Gen-1,2.23,2.76,2.45,0.41700859852135175,0.5829914223402737
Dipplin,3,1,Gen-9,5.71,0.05,0.05,0.45141017811117234,0.5485898238680748
Ditto,35,18,Gen-1,15.16,14.09,18.99,0.44412326215962433,0.5558767419700559
Dodrio,21,19,Gen-1,2.14,2.17,6.7,0.3247898914140207,0.6752101114426856
Doduo,25,19,Gen-1,3.46,2.35,5.17,0.46579761610535736,0.5342023843410617
Dolliv,4,3,Gen-9,5.08,0.05,0.14,0.0285348799079656,0.971465105190873
Dondozo,6,4,Gen-9,3.23,0.05,0.32,0.4392260136999979,0.560773983682421
Donphan,24,19,Gen-2,20.02,2.94,4.07,0.39163707949958,0.6083629198530995
Dottler,6,5,Gen-8,3.31,0.11,0.38,0.4322271477549965,0.5677728511652174
Doublade,14,10,Gen-6,0.0,0.41,0.46,0.557742705879112,0.4422572967090198
Dracovish,3,3,Gen-8,2.0,0.0,1.74,0.528314949736836,0.47168505245147707
Dracozolt,6,3,Gen-8,3.83,1.0,1.48,0.48124015729732894,0.5187598489802566
Dragalge,7,6,Gen-6,20.69,1.02,1.38,0.4886173200245727,0.511382679087149
Dragapult,17,7,Gen-8,4.12,1.1,2.1,0.3553244814778229,0.6446755204435572
Dragonair,37,23,Gen-1,32.64,17.02,19.59,0.4316231724418077,0.5683768182061613
Dragonite,62,31,Gen-1,36.7,27.17,42.94,0.4474788727238773,0.5525211289385559
Drakloak,5,5,Gen-8,4.34,0.82,1.1,0.26410121790256214,0.7358987808053555
Drampa,19,14,Gen-7,8.49,0.96,0.87,0.4903832762847067,0.5096167277510243
Drapion,17,13,Gen-4,6.51,1.07,1.78,0.5434173842736829,0.4565826230294381
Dratini,40,24,Gen-1,4.08,6.04,10.12,0.2358405777974569,0.7641594224738323
Drednaw,11,6,Gen-8,3.54,0.25,0.72,0.22781238131905066,0.7721876226225338
Dreepy,5,5,Gen-8,4.85,0.52,0.55,0.42499336384876507,0.5750066410783077
Drifblim,17,16,Gen-4,4.09,0.99,1.83,0.4533100726900616,0.5466899315570062
Drifloon,18,16,Gen-4,5.93,1.68,1.87,0.6803917511997203,0.3196082425213628
Drilbur,13,11,Gen-5,0.0,0.45,0.7,0.37298118299804617,0.6270188207272438
Drizzile,3,2,Gen-8,5.87,0.74,3.53,0.3937613788075395,0.606238619540818
Drowzee,32,23,Gen-1,11.05,2.04,5.08,0.44098793657289603,0.5590120644101665
Druddigon,14,12,Gen-5,3.25,0.69,1.68,0.2888661705977831,0.7111338314518113
Dubwool,9,7,Gen-8,1.7,0.27,0.56,0.5780909215659797,0.4219090760318347
Ducklett,14,13,Gen-5,4.28,0.52,0.77,0.4127156954395553,0.5872843029603222
Dudunsparce,3,2,Gen-9,3.88,0.05,0.51,0.5655973883364699,0.4344026131371508
Dugtrio,34,23,Gen-1,16.41,7.03,4.31,0.4934380906641782,0.5065619085646282
Dunsparce,21,20,Gen-2,1.79,0.73,3.65,0.4492415412329136,0.5507584722091754
Duosion,7,7,Gen-5,0.0,0.56,0.89,0.39271235655675196,0.6072876381771108
Duraludon,17,8,Gen-8,5.59,0.59,1.5,0.515179868966471,0.4848201315581602
Durant,13,12,Gen-5,0.0,0.55,0.99,0.534168159064726,0.46583184083499524
Dusclops,22,19,Gen-3,10.39,1.17,2.2,0.475200312942875,0.5247996892955265
Dusknoir,28,20,Gen-4,7.62,2.63,2.92,0.5006132677248255,0.4993867329795929
Duskull,26,22,Gen-3,9.33,0.91,4.54,0.5780351540103714,0.4219648496762177
Dwebble,8,8,Gen-5,5.79,0.75,0.82,0.5238858815103482,0.476114114464368
Eevee,100,54,Gen-1,15.93,5.66,16.24,0.27565629295228666,0.7243437068958836
Eiscue,12,7,Gen-8,3.48,0.62,0.84,0.5787211424920815,0.4212788563505138
Ekans,21,16,Gen-1,0.0,2.89,2.95,0.5807272751690749,0.4192727257976311
Eldegoss,11,7,Gen-8,1.75,0.38,0.85,0.34588422134765995,0.6541157873216433
Electabuzz,41,29,Gen-1,32.49,6.3,5.69,0.44287818222977676,0.5571218169676082
Electivire,26,17,Gen-4,17.65,1.72,1.8,0.45139370133643714,0.5486062973323459
Electrike,33,23,Gen-3,1.9,1.05,2.85,0.402731233842446,0.5972687699510875
Electrode,56,40,Gen-1,14.66,4.25,8.26,0.5542267381231906,0.4457732645945224
Elekid,9,8,Gen-2,0.0,4.19,9.72,0.33759662098251275,0.6624033773850116
Elgyem,10,8,Gen-5,3.29,0.24,0.91,0.5058683197945356,0.4941316856071353
Emboar,13,9,Gen-5,10.25,1.3,3.01,0.5303992713999116,0.46960072199616465
Emolga,15,13,Gen-5,6.76,0.52,1.54,0.2969317699999322,0.7030682430024547
Empoleon,28,21,Gen-4,24.04,1.8,4.31,0.42651621649593086,0.5734837851996691
Enamorus,6,3,Gen-8,3.45,0.17,0.75,0.547419589397633,0.45258041053022224
Entei,40,25,Gen-2,45.53,50.18,9.16,0.3963871620494084,0.6036128377193676
Escavalier,11,8,Gen-5,2.96,0.66,1.66,0.48652667614959344,0.5134733228221209
Espathra,7,4,Gen-9,2.24,0.05,0.3,0.3078958648335804,0.6921041351780146
Espeon,52,30,Gen-2,175.63,15.0,37.8,0.5149369948401885,0.4850630043418672
Espurr,8,8,Gen-6,2.06,0.54,0.85,0.5032521968470794,0.49674780100400817
Eternatus,13,6,Gen-8,5.7,0.0,0.0,0.5058674477315388,0.494132552952625
Excadrill,18,11,Gen-5,2.96,1.48,1.87,0.4385990583894511,0.5614009408415759
Exeggcute,32,26,Gen-1,18.82,1.17,4.54,0.2835019466024592,0.7164980502024587
Exeggutor,44,28,Gen-1,14.24,2.84,7.9,0.4728330304606641,0.5271669790824166
Exploud,13,11,Gen-3,15.03,7.12,2.55,0.2738053498105903,0.7261946512037593
Falinks,11,7,Gen-8,1.94,0.12,0.53,0.4127337124162854,0.587266288559975
Farfetch'd,23,19,Gen-1,4.88,3.27,6.17,0.40881433259429667,0.5911856680842381
Farigiraf,5,3,Gen-9,3.8,0.05,0.24,0.5442332078237085,0.45576678813788385
Fearow,21,18,Gen-1,37.92,2.34,4.61,0.42871430354226625,0.5712856996196461
Feebas,17,16,Gen-3,0.0,1.02,2.09,0.4667629093154524,0.5332370916950887
Fennekin,14,10,Gen-6,6.21,0.56,1.59,0.5340847349170627,0.4659152663583823
Feraligatr,32,16,Gen-2,40.24,3.64,14.25,0.5955117706209421,0.40448821373283866
Ferroseed,9,8,Gen-5,0.0,0.28,0.59,0.5254063971214484,0.47459360160578723
Ferrothorn,9,7,Gen-5,5.72,1.13,0.79,0.5254063971214484,0.47459360160578723
Fezandipiti,6,2,Gen-9,21.62,0.0,0.49,0.5467634944331784,0.4532365016967583
Fidough,5,3,Gen-9,3.47,0.18,0.55,0.673139194824866,0.3268608089004243
Finizen,6,4,Gen-9,3.46,0.16,0.57,0.6940142611188811,0.30598573858773837
Finneon,6,6,Gen-4,3.39,0.49,1.25,0.492771943000172,0.5072280572718366
Flaaffy,32,27,Gen-2,5.2,3.59,4.95,0.1789320347697606,0.8210679675075446
Flabébé,1,1,Gen-6,0.0,0.05,0.79,0.12774688065318116,0.8722531286933061
Flamigo,6,5,Gen-9,4.8,0.05,0.37,0.5406658996693866,0.4593340979380538
Flapple,11,6,Gen-8,8.78,0.67,1.21,0.5163545071639613,0.4836454911300123
Flareon,47,29,Gen-1,50.5,9.63,27.04,0.5617090805067813,0.4382909262951995
Fletchinder,13,12,Gen-6,6.57,0.26,0.85,0.5295256762051834,0.47047432215373597
Fletchling,20,19,Gen-6,5.86,0.41,0.46,0.416074071057717,0.5839259326323973
Flittle,8,4,Gen-9,3.77,0.19,0.41,0.7018003029561866,0.29819969530133883
Floatzel,16,14,Gen-4,29.05,1.84,1.15,0.5458777606834694,0.4541222367473646
Floette,11,9,Gen-6,1.21,0.64,0.96,0.12507540782864535,0.8749245984087649
Floragato,4,3,Gen-9,5.56,0.05,0.57,0.19177649041159514,0.8082235185807016
Florges,11,8,Gen-6,2.51,0.2,1.24,0.5342693585902452,0.4657306400438149
Flutter Mane,5,2,Gen-9,9.62,0.0,0.94,0.4317176436120132,0.5682823533918913
Flygon,34,21,Gen-3,16.17,2.3,8.18,0.5404510374801854,0.45954895958787306
Fomantis,3,3,Gen-7,0.0,0.43,0.99,0.2278068403127727,0.772193155477073
Foongus,8,8,Gen-5,0.0,0.17,0.71,0.5676918177850894,0.4323081902402919
Forretress,26,17,Gen-2,17.64,3.82,4.33,0.17443020989719232,0.8255697862511234
Fraxure,10,7,Gen-5,5.47,0.53,0.96,0.5196305103095411,0.4803694944152388
Frigibax,5,2,Gen-9,6.76,0.18,0.29,0.5124989810360173,0.4875010219915131
Frillish,6,6,Gen-5,0.0,0.71,1.02,0.43212926523449513,0.5678707403705144
Froakie,17,14,Gen-6,3.0,0.8,1.31,0.28087019832002813,0.7191298040432027
Frogadier,12,11,Gen-6,2.15,1.0,1.76,0.5257661759092318,0.47423382544431325
Froslass,16,11,Gen-4,4.8,0.15,1.95,0.5424687670751756,0.4575312410851994
Frosmoth,13,7,Gen-8,11.43,0.05,1.09,0.2143687423483308,0.7856312553716324
Fuecoco,10,5,Gen-9,4.43,0.07,0.32,0.5461729193162737,0.4538270904626132
Furfrou,13,10,Gen-6,4.13,0.54,0.77,0.5066498294656895,0.4933501717404615
Furret,9,8,Gen-2,0.0,3.0,9.47,0.5415290553355588,0.45847094338387245
Gabite,18,12,Gen-4,2.59,6.11,3.79,0.4325027605752428,0.5674972396674763
Gallade,26,16,Gen-4,4.57,0.85,2.12,0.5081637128274086,0.4918362883334024
Galvantula,13,12,Gen-5,2.42,0.49,1.22,0.3452010946930385,0.6547989059322243
Garbodor,25,16,Gen-5,13.86,1.57,2.08,0.5685902222867388,0.43140977445162
Garchomp,46,21,Gen-4,18.39,3.84,4.02,0.3702548251197928,0.6297451753333821
Gardevoir,62,31,Gen-3,19.01,4.4,8.48,0.410151472520883,0.5898485289632336
Garganacl,4,3,Gen-9,2.24,0.0,0.4,0.25881554455023303,0.7411844585135223
Gastly,43,30,Gen-1,10.2,2.81,9.02,0.3554195236040759,0.6445804806623481
Gastrodon,7,5,Gen-4,10.18,0.71,1.11,0.27487576692193694,0.725124237676111
Genesect,23,12,Gen-5,7.55,0.9,1.59,0.4621771959862552,0.5378228088793081
Gengar,61,32,Gen-1,103.01,101.39,37.41,0.6320629398275502,0.3679370618949024
Geodude,33,22,Gen-1,6.32,1.72,5.97,0.4771957311964691,0.5228042674534255
Gholdengo,4,2,Gen-9,11.57,0.0,0.32,0.517406014581359,0.4825939888601495
Gible,17,13,Gen-4,6.6,1.63,1.11,0.4748845433541331,0.5251154569532968
Gigalith,10,6,Gen-5,8.12,3.86,1.64,0.3421449635551118,0.6578550382557931
Gimmighoul,4,2,Gen-9,8.97,0.05,0.15,0.5264515911513359,0.4735484070744047
Girafarig,17,15,Gen-2,0.0,1.39,4.41,0.33421796020400474,0.6657820427842802
Giratina,33,17,Gen-4,44.94,4.07,9.72,0.5333284201246709,0.4666715778779884
Glaceon,38,16,Gen-4,22.3,3.19,17.0,0.44625587151809165,0.5537441200788386
Glalie,15,11,Gen-3,5.05,1.62,4.12,0.46810049902487216,0.5318994932954492
Glameow,12,10,Gen-4,5.8,0.51,0.97,0.44589667890567136,0.5541033171779978
Glastrier,2,1,Gen-8,1.11,0.0,0.7,0.5370457794998083,0.4629542217461195
Gligar,19,16,Gen-2,0.0,0.97,3.29,0.4690861613466935,0.5309138398735818
Glimmet,6,4,Gen-9,3.93,0.05,0.32,0.3891583625834596,0.6108416425590605
Glimmora,5,4,Gen-9,1.77,0.05,0.28,0.26994098595812926,0.7300590107883196
Gliscor,18,13,Gen-4,11.21,0.88,3.04,0.5376812284823417,0.4623187727117467
Gloom,31,23,Gen-1,5.69,2.13,3.51,0.4288017914949962,0.5711982073742612
Gogoat,9,8,Gen-6,1.52,0.32,0.59,0.4002185505814849,0.5997814513975754
Golbat,32,24,Gen-1,31.89,2.44,5.87,0.41961134359817204,0.5803886557904545
Goldeen,24,17,Gen-1,0.0,1.79,2.5,0.4195316774427498,0.5804683132440244
Golduck,30,20,Gen-1,32.82,3.55,6.91,0.4461785631207321,0.5538214399893724
Golem,30,19,Gen-1,33.18,4.53,17.69,0.48767645032708773,0.5123235511999272
Golett,10,10,Gen-5,0.0,0.24,0.76,0.3011674388059118,0.6988325641382226
Golisopod,16,9,Gen-7,4.14,3.18,1.28,0.4553202900682093,0.5446797053901905
Golurk,17,12,Gen-5,16.9,1.09,1.16,0.5952938386797906,0.40470616988837715
Goodra,13,8,Gen-6,3.08,0.42,2.49,0.5299306215093164,0.4700693811234607
Goomy,8,7,Gen-6,0.0,0.42,0.61,0.40518076478924947,0.5948192353899929
Gorebyss,7,6,Gen-3,0.0,1.8,2.11,0.5678483530756016,0.4321516509337713
Gossifleur,7,6,Gen-8,1.71,0.12,0.44,0.5486806790666798,0.45131930975744916
Gothita,12,10,Gen-5,0.0,0.61,1.12,0.36844254990417535,0.6315574502864407
Gothitelle,9,8,Gen-5,2.64,1.73,1.82,0.46197154549881814,0.5380284707993268
Gothorita,11,9,Gen-5,4.94,0.68,1.35,0.379042212971168,0.6209577891078392
Gouging Fire,4,1,Gen-9,18.79,0.0,0.0,0.27590334999729815,0.7240966452463042
Gourgeist,7,7,Gen-6,1.7,1.03,1.27,0.18085624133099734,0.819143760976765
Grafaiai,4,3,Gen-9,4.58,0.05,0.24,0.5626652773756247,0.43733472114551686
Granbull,18,15,Gen-2,1.81,1.36,2.35,0.3709578250912907,0.6290421739503811
Grapploct,7,6,Gen-8,2.17,0.28,0.69,0.5856071541678498,0.41439286026764993
Graveler,27,21,Gen-1,0.0,2.75,5.41,0.5321612618342875,0.4678387368996493
Great Tusk,7,4,Gen-9,3.99,0.23,0.9,0.466019811412465,0.5339801897078698
Greavard,9,5,Gen-9,3.13,0.05,0.36,0.44127653792300925,0.5587234534456261
Greedent,14,9,Gen-8,4.28,0.33,0.95,0.603723304087503,0.39627670243175483
Greninja,39,16,Gen-6,17.54,4.21,10.86,0.5823627029076753,0.41763730024893386
Grimer,28,23,Gen-1,0.0,1.59,4.03,0.4334572031110732,0.5665427948518904
Grimmsnarl,10,6,Gen-8,1.93,0.45,0.54,0.2803376154818881,0.7196623813102229
Grookey,12,7,Gen-8,3.66,1.92,0.45,0.45804096437292824,0.5419590363643416
Grotle,10,8,Gen-4,4.76,1.36,2.05,0.3843324214685707,0.6156675761255124
Groudon,41,21,Gen-3,42.17,9.01,6.75,0.27125647573043565,0.7287435302449491
Grovyle,19,15,Gen-3,0.0,3.06,6.88,0.36298476900318977,0.6370152194156414
Growlithe,46,33,Gen-1,4.52,3.17,7.02,0.20592798602056525,0.7940720144328416
Grubbin,8,8,Gen-7,2.99,0.26,0.63,0.4524001386683909,0.5475998603676465
Grumpig,16,14,Gen-3,5.8,2.93,2.77,0.5113145797622078,0.4886854299778738
Gulpin,9,8,Gen-3,2.32,1.07,2.29,0.4214292496258696,0.5785707482299225
Gumshoos,9,6,Gen-7,6.15,0.2,0.57,0.4754383013188791,0.5245617006822854
Gurdurr,8,8,Gen-5,0.0,0.34,0.86,0.3241437332496513,0.6758562650987319
Guzzlord,14,5,Gen-7,7.75,0.0,2.9,0.527808725036114,0.4721912768195635
Hakamo-o,4,4,Gen-7,0.0,0.57,1.58,0.27025039308181575,0.729749608168117
Happiny,6,4,Gen-4,8.84,2.67,3.18,0.5449680653822724,0.45503193526819796
Hariyama,14,13,Gen-3,5.27,0.8,3.77,0.49569671120645,0.5043032920300405
Hatenna,5,5,Gen-8,1.8,0.25,0.52,0.3765046813648687,0.6234953143151409
Hatterene,9,7,Gen-8,1.98,0.0,0.76,0.4724225724014536,0.5275774351459475
Hattrem,4,4,Gen-8,2.98,0.34,0.47,0.3765046813648687,0.6234953143151409
Haunter,39,28,Gen-1,38.67,5.02,11.98,0.3447745862759063,0.6552254154041908
Hawlucha,19,16,Gen-6,7.26,1.01,0.83,0.4524340476071851,0.547565961455161
Haxorus,10,9,Gen-5,4.67,0.6,3.0,0.37372676145751027,0.6262732278555632
Heatmor,12,12,Gen-5,0.0,0.53,1.07,0.5825215902711662,0.41747841930815144
Heatran,33,19,Gen-4,8.66,6.4,2.13,0.5394488269207962,0.46055117245459065
Heliolisk,14,11,Gen-6,2.18,0.62,0.78,0.3043742669553199,0.6956257403816846
Helioptile,11,10,Gen-6,0.0,0.43,0.39,0.3505364243762896,0.649463576571468
Heracross,27,21,Gen-2,17.52,1.9,5.71,0.4273914090637117,0.5726085878163575
Herdier,9,9,Gen-5,0.0,0.62,1.18,0.4110490451406302,0.588950936441663
Hippopotas,11,11,Gen-4,0.0,0.58,0.82,0.43718474271008734,0.5628152588615194
Hippowdon,11,9,Gen-4,14.33,0.71,1.1,0.40633744154109663,0.5936625568211962
Hitmonchan,32,22,Gen-1,30.22,2.12,11.12,0.4596256879591344,0.5403743124130179
Hitmonlee,19,14,Gen-1,24.1,3.45,10.55,0.40433419634667556,0.5956658021938737
Hitmontop,16,12,Gen-2,14.5,6.25,3.33,0.3985898868042933,0.6014101165945137
Ho-oh,37,20,Gen-2,64.64,12.85,80.41,0.3015276988084019,0.6984723022233779
Honchkrow,22,17,Gen-4,9.57,0.96,1.85,0.42874771961942304,0.5712522794492543
Honedge,19,13,Gen-6,6.72,0.68,0.52,0.4884086576712434,0.5115913391418871
Hoopa,26,16,Gen-6,5.25,2.66,1.89,0.49503568154548033,0.5049643148966363
Hoothoot,16,14,Gen-2,3.46,0.73,2.79,0.16383957332971172,0.8361604265974596
Hoppip,19,14,Gen-2,4.88,1.11,3.65,0.39163707949958,0.6083629198530995
Horsea,33,23,Gen-1,9.22,1.2,2.62,0.47834104373204434,0.5216589578907145
Houndoom,51,29,Gen-2,44.74,6.28,13.79,0.4464641859688396,0.5535358185532808
Houndour,34,21,Gen-2,28.39,2.83,6.54,0.4710014396050609,0.5289985632759149
Houndstone,7,5,Gen-9,1.55,0.06,0.43,0.3150609011742441,0.6849390993953594
Huntail,6,6,Gen-3,1.32,0.88,2.05,0.19603511634432552,0.8039648815569421
Hydreigon,23,14,Gen-5,9.47,0.84,1.98,0.43460726621918944,0.565392735120482
Hypno,28,19,Gen-1,39.94,4.82,8.51,0.5206436871190668,0.4793563104925752
Igglybuff,9,8,Gen-2,0.0,4.55,9.01,0.4239472325180509,0.576052746980598
Impidimp,4,4,Gen-8,2.97,0.2,0.8,0.4838998067463684,0.516100197126127
Incineroar,16,10,Gen-7,6.5,0.92,2.2,0.3520761903875671,0.6479238126986933
Indeedee,12,7,Gen-8,1.71,0.38,0.64,0.46155094425700116,0.5384490577625516
Infernape,22,14,Gen-4,5.5,2.64,4.22,0.45139370133643714,0.5486062973323459
Inkay,16,14,Gen-6,5.2,0.65,1.17,0.5104750375865237,0.4895249638609798
Inteleon,19,7,Gen-8,6.52,2.0,2.13,0.6288423313076297,0.37115767252321036
Iron Boulder,4,1,Gen-9,12.72,0.0,0.0,0.3476979050901717,0.6523021012544632
Iron Bundle,6,3,Gen-9,0.0,0.0,0.0,0.5314540185878334,0.4685459814519368
Iron Crown,4,1,Gen-9,28.42,0.0,0.0,0.517326048355446,0.48267395318382306
Iron Hands,4,2,Gen-9,20.51,0.29,0.1,0.5824496283702834,0.4175503843263545
Iron Jugulis,3,2,Gen-9,3.36,0.05,0.45,0.5314540185878334,0.4685459814519368
Iron Leaves,6,3,Gen-9,12.35,0.0,0.21,0.5337270434362782,0.46627295490600595
Iron Moth,5,2,Gen-9,3.8,7.92,5.45,0.4884847966586089,0.5115152100371496
Iron Thorns,7,3,Gen-9,7.85,0.0,0.42,0.49134078511108964,0.5086592121734103
Iron Treads,6,4,Gen-9,2.44,0.05,0.52,0.466019811412465,0.5339801897078698
Iron Valiant,7,3,Gen-9,12.14,0.05,0.21,0.5314540185878334,0.4685459814519368
Ivysaur,26,18,Gen-1,23.68,10.75,17.39,0.5097843779994827,0.4902156210873372
Jangmo-o,9,5,Gen-7,3.86,0.4,0.22,0.4675385334812793,0.5324614680287003
Jellicent,6,6,Gen-5,0.0,0.96,2.42,0.5111377349068575,0.48886227041263786
Jigglypuff,40,31,Gen-1,12.97,4.8,5.97,0.5645395547653185,0.43546044671526857
Jirachi,39,30,Gen-3,20.73,16.29,12.29,0.2995474726789526,0.7004525168591903
Jolteon,49,33,Gen-1,68.14,54.97,24.52,0.41094943205081225,0.589050569551956
Joltik,15,12,Gen-5,7.49,0.66,0.87,0.5232951081735241,0.4767048922287107
Jumpluff,17,13,Gen-2,17.78,1.63,2.55,0.19306107381841225,0.8069389285781535
Jynx,31,23,Gen-1,6.56,3.38,6.76,0.599516068264444,0.40048393642028135
Kabuto,19,14,Gen-1,0.0,2.35,12.01,0.43595440197625246,0.5640455977970709
Kabutops,25,15,Gen-1,54.97,8.43,47.38,0.5300069920450128,0.469993010243298
Kadabra,16,10,Gen-1,3.39,12.64,20.53,0.42887874886782634,0.5711212524082847
Kakuna,27,22,Gen-1,0.0,2.24,5.09,0.43132576451293725,0.568674234590052
Kangaskhan,39,24,Gen-1,27.39,2.68,3.14,0.4527127712288693,0.5472872294618614
Karrablast,10,8,Gen-5,0.0,0.28,0.45,0.5192175828140766,0.48078241842430103
Kartana,8,5,Gen-7,3.66,2.47,1.94,0.3926769960092634,0.6073230032099615
Kecleon,8,7,Gen-3,0.0,0.91,2.6,0.41632843085487053,0.5836715675476524
Keldeo,25,15,Gen-5,4.56,2.03,2.5,0.5642240669516351,0.435775933182618
Kilowattrel,6,5,Gen-9,3.65,0.2,0.18,0.32038854314790405,0.6796114544267766
Kingambit,6,4,Gen-9,3.76,0.05,0.71,0.41741711810615306,0.5825828842971326
Kingdra,35,24,Gen-2,19.9,6.42,9.44,0.3771450145762751,0.6228549902708354
Kingler,14,10,Gen-1,8.79,3.1,5.05,0.5683809029017963,0.43161909624080474
Kirlia,36,28,Gen-3,5.2,2.55,3.67,0.410151472520883,0.5898485289632336
Klang,10,9,Gen-5,4.04,0.37,1.0,0.5068820256135969,0.4931179752191257
Klawf,5,4,Gen-9,2.09,0.05,0.3,0.3630822173328798,0.636917781348123
Kleavor,7,2,Gen-8,3.08,0.19,0.63,0.5257742946076652,0.4742257049256611
Klefki,13,9,Gen-6,3.57,0.49,0.56,0.24507655355703528,0.7549234496985088
Klink,11,10,Gen-5,7.68,0.09,0.68,0.5077342608295767,0.4922657400966043
Klinklang,10,8,Gen-5,1.62,0.98,1.21,0.33814380629143354,0.6618561924900859
Koffing,32,22,Gen-1,8.05,1.78,3.25,0.4966780805330711,0.5033219185929071
Komala,4,4,Gen-7,0.86,0.38,1.35,0.5466446866905739,0.45335530921689826
Kommo-o,9,6,Gen-7,4.42,2.2,1.6,0.4859935156052986,0.514006485850268
Koraidon,20,5,Gen-9,7.83,8.54,6.32,0.43602872749362437,0.5639712688317822
Krabby,13,10,Gen-1,0.0,6.26,2.23,0.4362207160327113,0.5637792829877218
Kricketot,10,9,Gen-4,0.0,2.44,1.21,0.34214074405220635,0.6578592555679118
Kricketune,11,10,Gen-4,3.53,0.93,1.25,0.4269877175057234,0.5730122845793046
Krokorok,14,12,Gen-5,1.39,0.41,1.09,0.5254063971214484,0.47459360160578723
Krookodile,17,13,Gen-5,16.54,3.04,2.56,0.5661452668635839,0.4338547329484883
Kyogre,39,21,Gen-3,32.52,3.86,8.96,0.3398336947188648,0.6601663091499841
Kyurem,57,23,Gen-5,11.2,1.61,2.35,0.547163316947948,0.45283668332368776
Lairon,22,19,Gen-3,3.18,0.96,2.92,0.3356731322976775,0.6643268695708869
Lampent,15,15,Gen-5,0.0,0.47,1.05,0.36343572128877477,0.6365642818076102
Landorus,12,9,Gen-5,10.95,1.6,0.83,0.4773441630478026,0.5226558380155373
Lanturn,28,21,Gen-2,40.48,2.83,3.59,0.32573243845728733,0.6742675622159935
Lapras,44,31,Gen-1,24.44,3.81,6.8,0.47889264387748953,0.5211073610726924
Larvesta,12,10,Gen-5,0.0,0.36,0.56,0.3681618706426685,0.6318381242143611
Larvitar,31,22,Gen-2,3.02,1.36,5.56,0.4194338252864933,0.5805661745097798
Latias,34,25,Gen-3,119.64,8.1,7.72,0.4714309288939492,0.5285690717864782
Latios,36,22,Gen-3,29.19,2.4,9.35,0.508685360604733,0.4913146369776886
Leafeon,41,18,Gen-4,24.71,3.39,8.19,0.261481773311755,0.7385182197378188
Leavanny,9,7,Gen-5,2.57,1.81,2.19,0.5680783119553188,0.43192168495425504
Lechonk,14,3,Gen-9,5.52,1.39,3.1,0.5021470002653325,0.49785299943219524
Ledian,13,10,Gen-2,68.38,3.44,5.06,0.5645055761775586,0.43549442721180254
Ledyba,15,12,Gen-2,0.0,1.53,7.56,0.6229716730304062,0.37702832743525494
Lickilicky,11,11,Gen-4,6.38,1.2,1.59,0.5189694913741726,0.48103051158230775
Lickitung,24,21,Gen-1,2.86,2.64,4.2,0.3589710490778088,0.6410289596450248
Liepard,13,13,Gen-5,2.02,0.86,1.36,0.3432668611780832,0.6567331400423587
Lileep,9,7,Gen-3,0.0,1.1,2.87,0.5109726299955692,0.48902736883610487
Lilligant,15,10,Gen-5,6.37,0.69,1.64,0.13185752605476644,0.8681424753958185
Lillipup,13,10,Gen-5,0.0,1.15,1.56,0.20528580529745322,0.7947141953769165
Linoone,11,11,Gen-3,4.01,0.65,3.62,0.5018494083480581,0.4981505883525327
Litleo,10,9,Gen-6,0.0,0.38,0.58,0.47601301274848884,0.523986990860386
Litten,17,10,Gen-7,3.04,0.6,1.04,0.4786121198108677,0.521387883761095
Litwick,18,16,Gen-5,3.6,0.5,0.93,0.3328693941025316,0.6671306094690452
Lokix,3,2,Gen-9,0.96,0.0,0.35,0.28825918046225385,0.7117408120206423
Lombre,15,12,Gen-3,0.0,0.88,5.29,0.28905750079242926,0.7109424985446198
Lopunny,10,10,Gen-4,9.27,1.79,3.13,0.38342996690104275,0.6165700422247826
Lotad,18,13,Gen-3,10.38,1.12,4.52,0.2501290111929702,0.7498709888131837
Loudred,14,11,Gen-3,9.35,8.48,2.39,0.6181060620671042,0.38189393825208134
Lucario,76,40,Gen-4,14.8,10.19,5.39,0.5343102103819628,0.4656897874834154
Ludicolo,15,13,Gen-3,6.02,3.2,4.85,0.28905750079242926,0.7109424985446198
Lugia,43,24,Gen-2,127.37,20.59,17.53,0.4846560647334519,0.5153439389884142
Lumineon,10,8,Gen-4,8.94,0.74,2.4,0.492771943000172,0.5072280572718366
Lunala,16,8,Gen-7,5.4,1.16,2.01,0.5068025048840353,0.49319749823916925
Lunatone,18,16,Gen-3,7.69,2.56,2.05,0.5397037789508945,0.46029622308159046
Lurantis,6,4,Gen-7,3.46,0.2,0.82,0.2278068403127727,0.772193155477073
Luvdisc,13,13,Gen-3,7.48,1.37,3.47,0.3185781091476769,0.6814219064561636
Luxio,25,18,Gen-4,5.41,3.9,1.72,0.5133154603790899,0.48668453891756736
Luxray,38,23,Gen-4,6.56,9.12,2.44,0.5649344833904362,0.43506551681507566
Lycanroc,36,19,Gen-7,5.02,0.84,1.15,0.510155880685671,0.48984412156775514
Mabosstiff,6,4,Gen-9,2.76,0.14,0.31,0.6428334219026663,0.3571665777246371
Machamp,64,31,Gen-1,27.63,8.99,17.05,0.5650717025048717,0.4349282990477167
Machoke,33,24,Gen-1,15.21,5.46,4.99,0.543258679621094,0.4567413177962103
Machop,36,27,Gen-1,3.24,2.14,3.55,0.3136099798668345,0.6863900171411406
Magby,11,8,Gen-2,14.98,3.44,7.71,0.5268443614891212,0.4731556344259944
Magcargo,35,21,Gen-2,14.82,2.72,6.95,0.3035548328083346,0.696445162217556
Magearna,12,8,Gen-7,3.34,1.87,1.18,0.6361744518984447,0.36382554276761675
Magikarp,56,41,Gen-1,66.54,4.61,18.38,0.3420371994217568,0.6579628005735779
Magmar,35,28,Gen-1,12.36,3.35,4.42,0.40346323537736006,0.5965367590107684
Magmortar,19,15,Gen-4,5.64,1.53,2.18,0.30052374769915247,0.6994762518169249
Magnemite,55,35,Gen-1,11.44,2.11,3.75,0.26254503411726776,0.7374549732168975
Magneton,56,35,Gen-1,45.45,3.85,6.1,0.25586279058036626,0.7441372000820823
Magnezone,36,19,Gen-4,4.07,1.86,2.83,0.18848567150587975,0.811514326275381
Makuhita,17,15,Gen-3,0.0,1.01,2.09,0.26066351482853733,0.7393364778586796
Malamar,25,15,Gen-6,6.27,0.41,1.28,0.5873369393194139,0.41266305873303827
Mamoswine,11,8,Gen-4,3.1,1.19,3.57,0.6119495298480615,0.3880504671238465
Manaphy,19,16,Gen-4,5.13,3.93,3.03,0.4541110768664761,0.5458889242561
Manectric,40,24,Gen-3,13.29,2.54,4.14,0.5318763119772039,0.4681236847275297
Mankey,30,22,Gen-1,3.38,1.26,5.45,0.46015771938538225,0.5398422848911502
Mantine,15,13,Gen-2,0.66,1.95,4.89,0.6354850247614727,0.36451497282044587
Mantyke,3,2,Gen-4,7.05,4.49,14.66,0.4267681431320159,0.5732318569956653
Maractus,9,8,Gen-5,11.07,0.42,1.56,0.33479926119057024,0.6652007509972183
Mareanie,7,6,Gen-7,0.0,0.4,0.62,0.4322271477549965,0.5677728511652174
Mareep,31,25,Gen-2,2.33,1.68,3.73,0.3612613560808725,0.6387386419940155
Marill,23,20,Gen-2,10.74,1.57,4.8,0.4587595418521787,0.5412404598131523
Marowak,27,20,Gen-1,6.2,2.13,6.2,0.5807010289577792,0.4192989767041234
Marshadow,14,10,Gen-7,4.39,1.81,2.22,0.4900892676355746,0.5099107349912324
Marshtomp,15,13,Gen-3,0.0,3.87,4.77,0.37321414864579305,0.626785853502735
Maschiff,6,4,Gen-9,1.1,0.16,0.32,0.2321434398957838,0.7678565545162808
Masquerain,13,13,Gen-3,0.0,1.14,3.01,0.4223619841755196,0.5776380148305688
Maushold,7,4,Gen-9,6.97,0.05,0.43,0.4536400762556765,0.5463599389992081
Mawile,34,24,Gen-3,5.82,1.37,3.55,0.3694449443545097,0.630555053852546
Medicham,20,16,Gen-3,9.09,1.49,2.0,0.29741464725408984,0.7025853467301235
Meditite,18,17,Gen-3,0.0,1.32,2.72,0.20735296812331805,0.7926470185206694
Meganium,21,10,Gen-2,21.92,4.43,10.88,0.48268263589636506,0.5173173626434798
Melmetal,16,10,Gen-7,7.74,0.35,1.45,0.5147677270107865,0.4852322727280885
Meloetta,14,8,Gen-5,3.6,0.9,1.6,0.4779342328230003,0.5220657630971717
Meltan,8,7,Gen-7,2.96,0.36,0.82,0.49205187233133224,0.5079481265868763
Meowscarada,7,3,Gen-9,5.46,0.0,0.67,0.379181763505375,0.620818240032979
Meowstic,11,9,Gen-6,1.9,0.56,0.9,0.4979302297423903,0.5020697717761826
Meowth,66,50,Gen-1,8.53,4.31,10.57,0.5202700774984891,0.47972992442126533
Mesprit,8,7,Gen-4,9.05,1.26,3.93,0.5143148216964869,0.4856851828958967
Metagross,34,19,Gen-3,37.38,2.64,2.72,0.5308076445799087,0.4691923539742544
Metang,25,20,Gen-3,3.68,2.12,2.32,0.5090830580555058,0.49091694170360844
Metapod,22,18,Gen-1,0.0,2.72,5.34,0.23563306144471763,0.7643669388862091
Mew,64,37,Gen-1,44.39,37.26,25.32,0.49329878898078083,0.5067012120482055
Mewtwo,108,43,Gen-1,53.47,24.59,58.57,0.4503019818226097,0.5496980182386377
Mienfoo,8,7,Gen-5,0.0,0.32,1.14,0.4860633199967975,0.5139366826800895
Mienshao,8,7,Gen-5,6.99,0.44,0.8,0.4381573870778084,0.5618425607681273
Mightyena,23,16,Gen-3,13.37,2.47,5.32,0.3859836830546692,0.61401631995895
Milcery,4,4,Gen-8,2.42,0.07,0.52,0.6071526946120516,0.3928473043272754
Milotic,30,17,Gen-3,17.19,14.45,10.3,0.37508786759442736,0.6249121310633722
Miltank,15,14,Gen-2,1.9,2.19,4.0,0.508160366818334,0.4918396333641548
Mimikyu,29,15,Gen-7,9.39,3.07,2.46,0.4888525335811433,0.5111474673606433
Minccino,19,13,Gen-5,5.28,0.52,0.94,0.3011674388059118,0.6988325641382226
Minior,4,3,Gen-7,4.54,0.38,1.29,0.35577991009551696,0.6442200939611091
Minun,20,19,Gen-3,9.25,8.05,5.35,0.522372108143604,0.4776278917782849
Miraidon,20,5,Gen-9,9.45,17.34,0.56,0.5122957995708295,0.4877042024168943
Misdreavus,22,20,Gen-2,65.53,1.16,3.26,0.4317176436120132,0.5682823533918913
Mismagius,22,17,Gen-4,4.25,1.18,1.58,0.39184421642372996,0.6081557907164097
Moltres,42,24,Gen-1,43.37,7.78,22.17,0.43623275211108703,0.5637672467143344
Monferno,9,8,Gen-4,0.0,0.67,2.47,0.4119782762220405,0.588021725709889
Morelull,6,6,Gen-7,0.63,0.4,0.94,0.164383925963193,0.8356160696371104
Morgrem,4,4,Gen-8,2.58,0.28,0.44,0.5561788705059318,0.443821131284094
Morpeko,31,10,Gen-8,3.84,0.57,0.8,0.5457422058034104,0.4542577986929601
Mothim,8,6,Gen-4,1.76,11.35,1.21,0.3320242753183906,0.6679757262052803
Mr. Mime,42,30,Gen-1,17.13,2.87,2.44,0.5267306396637736,0.4732693657083973
Mr. Rime,6,6,Gen-8,1.22,3.37,2.26,0.5074128393025603,0.49258716578478917
Mudbray,5,5,Gen-7,0.0,0.27,0.4,0.584135034897372,0.4158649617220362
Mudkip,23,16,Gen-3,191.38,8.37,8.6,0.5622432117763934,0.43775678829484577
Mudsdale,9,6,Gen-7,12.95,0.4,1.16,0.5695006096538042,0.43049940224172484
Muk,37,23,Gen-1,14.66,4.16,6.94,0.4285112865152768,0.5714887166706224
Munchlax,7,4,Gen-4,0.0,9.17,7.81,0.475835791569962,0.5241642176518562
Munkidori,6,2,Gen-9,11.16,0.0,0.97,0.649879874035594,0.35012013458295677
Munna,10,10,Gen-5,8.75,0.45,0.61,0.3087164965542672,0.6912835028921893
Murkrow,28,24,Gen-2,6.26,3.52,2.35,0.5172452594673136,0.48275473911844013
Musharna,9,9,Gen-5,0.0,1.44,1.46,0.564108994260395,0.43589100463292263
Nacli,6,3,Gen-9,4.32,0.14,0.23,0.3490855482406914,0.6509144593961537
Naclstack,3,3,Gen-9,4.25,0.05,0.2,0.39973538709622425,0.6002646172419189
Naganadel,13,6,Gen-7,6.83,1.19,2.27,0.3236772593898841,0.6763227408339914
Natu,21,17,Gen-2,4.65,1.2,1.77,0.29032506247405215,0.7096749364700116
Necrozma,31,9,Gen-7,9.54,2.37,2.34,0.5597423018818934,0.44025770402284425
Nickit,10,8,Gen-8,2.97,0.05,0.55,0.2958440422697598,0.7041559583950698
Nidoking,26,15,Gen-1,21.56,5.08,14.28,0.4282251260267034,0.571774870970176
Nidoqueen,25,17,Gen-1,35.34,5.34,15.7,0.5527895885260982,0.4472104090921304
Nidorina,18,16,Gen-1,0.0,1.72,8.5,0.4413303644912367,0.5586696375589314
Nidorino,19,15,Gen-1,0.0,3.28,7.26,0.25750911552981676,0.7424908833678013
Nihilego,5,3,Gen-7,5.88,0.0,8.18,0.43315603529037006,0.5668439650216603
Nincada,10,8,Gen-3,0.0,0.86,1.83,0.4863368997792461,0.5136631030996165
Ninetales,67,40,Gen-1,19.48,11.38,13.29,0.4992959701339714,0.5007040367636364
Ninjask,9,8,Gen-3,11.08,0.79,1.8,0.5421359956639771,0.45786400515522063
Noctowl,19,16,Gen-2,85.44,1.66,3.57,0.2856829545150199,0.7143170187870661
Noibat,13,10,Gen-6,3.92,3.2,0.56,0.1268578355666249,0.8731421413831413
Noivern,21,12,Gen-6,5.77,0.71,1.95,0.4860633199967975,0.5139366826800895
Nosepass,16,16,Gen-3,0.0,2.09,2.1,0.6008480094680761,0.39915199551537106
Numel,22,20,Gen-3,0.0,0.97,2.92,0.21076416197406528,0.7892358425483739
Nuzleaf,18,17,Gen-3,0.0,1.0,2.44,0.2514280987116285,0.7485719005473787
Nymble,4,2,Gen-9,0.0,0.05,0.3,0.28226059480485577,0.7177394005173648
Obstagoon,10,7,Gen-8,3.2,3.51,0.79,0.392451978849501,0.6075480225086777
Octillery,23,17,Gen-2,7.0,1.88,3.07,0.3456189030049634,0.6543810986563618
Oddish,35,26,Gen-1,6.28,1.55,3.47,0.37080321146488404,0.6291967893627322
Ogerpon,18,2,Gen-9,14.34,0.0,0.42,0.45676090406790903,0.5432390973626359
Oinkologne,7,3,Gen-9,3.37,0.29,0.38,0.4356768181547521,0.5643231481313704
Okidogi,6,2,Gen-9,11.83,0.0,0.05,0.5943710089413118,0.4056289865478664
Omanyte,21,15,Gen-1,12.05,1.96,16.11,0.4516121233492772,0.5483878748052103
Omastar,21,15,Gen-1,3.01,4.36,8.73,0.40803234205596595,0.5919676563794632
Onix,36,28,Gen-1,5.2,3.57,7.31,0.5321167820524846,0.46788321737778554
Oranguru,18,14,Gen-7,19.94,1.25,1.32,0.5254889708426264,0.47451102894154323
Orbeetle,13,8,Gen-8,3.08,0.26,0.65,0.4721844272479708,0.5278155698293918
Oricorio,25,10,Gen-7,7.87,0.42,1.28,0.28025997480113246,0.7197400261427753
Orthworm,3,2,Gen-9,3.06,0.05,0.36,0.6051360083675175,0.394863988469736
Oshawott,14,10,Gen-5,4.4,1.07,1.61,0.38748611393226773,0.6125138824379419
Overqwil,2,1,Gen-8,0.0,0.09,0.7,0.5621287469774847,0.43787124764810237
Pachirisu,19,17,Gen-4,7.58,2.09,2.28,0.5064889362337008,0.4935110658447461
Palafin,12,5,Gen-9,3.11,0.05,0.25,0.47530699752271166,0.5246930017322301
Palkia,37,19,Gen-4,15.45,3.52,7.49,0.4767651350358155,0.5232348671976338
Palossand,9,9,Gen-7,1.54,0.26,0.39,0.5216321258038212,0.4783678764166931
Palpitoad,10,10,Gen-5,0.0,0.44,0.81,0.2618986957315956,0.7381013082039933
Pancham,10,9,Gen-6,0.0,0.42,1.24,0.5616010905018927,0.4383989057704451
Pangoro,11,10,Gen-6,1.23,0.4,0.9,0.484009246341884,0.5159907628020102
Panpour,11,10,Gen-5,0.0,0.63,0.71,0.4014753549862162,0.5985246413313832
Pansage,13,12,Gen-5,3.93,0.4,1.1,0.4014753549862162,0.5985246413313832
Pansear,14,13,Gen-5,0.46,0.19,0.63,0.5319368123850675,0.4680631937774117
Paras,21,18,Gen-1,2.0,1.47,1.72,0.5907675151077486,0.409232486460588
Parasect,18,15,Gen-1,1.4,1.98,3.14,0.55204806268448,0.447951937822758
Passimian,10,9,Gen-7,11.36,0.4,1.1,0.5547100722678004,0.44528992758691305
Patrat,12,9,Gen-5,0.0,0.49,0.5,0.5110786943250216,0.4889213067516542
Pawmi,7,5,Gen-9,2.32,0.24,0.22,0.127117976693072,0.8728820317647541
Pawmo,3,3,Gen-9,4.15,0.05,0.43,0.44712813933345263,0.5528718606058627
Pawmot,8,5,Gen-9,8.09,0.0,0.5,0.5287290639598478,0.4712709352290674
Pawniard,21,17,Gen-5,2.7,0.45,0.58,0.5989742407903491,0.40102576124531686
Pecharunt,7,2,Gen-9,14.18,0.0,0.0,0.5642240669516351,0.435775933182618
Pelipper,15,14,Gen-3,4.11,1.16,2.8,0.24062108278974825,0.7593789175874734
Perrserker,12,8,Gen-8,14.37,0.32,0.74,0.5675335480539928,0.4324664506503402
Persian,39,27,Gen-1,20.63,1.58,7.73,0.4263801852933242,0.5736198186848755
Petilil,9,9,Gen-5,0.0,0.36,0.95,0.3314262446910303,0.668573754690322
Phanpy,20,18,Gen-2,0.75,1.87,3.85,0.34191362577030615,0.6580863739789053
Phantump,12,12,Gen-6,0.0,0.23,0.76,0.2557931960725425,0.7442068072254003
Pheromosa,8,5,Gen-7,10.6,1.95,3.18,0.376038161265795,0.6239618467035759
Phione,10,7,Gen-4,12.2,2.73,1.83,0.5305211621678628,0.46947884066080847
Pichu,21,14,Gen-2,40.08,14.05,16.62,0.46300996041374165,0.536990042347326
Pidgeot,32,20,Gen-1,14.96,5.75,9.21,0.4578901554214325,0.5421098425825059
Pidgeotto,24,18,Gen-1,4.98,10.18,9.29,0.5531741061636197,0.44682589525265237
Pidgey,28,19,Gen-1,8.77,2.03,7.66,0.4460443129521596,0.5539556899885475
Pidove,13,12,Gen-5,8.75,0.38,0.78,0.2132173141419317,0.7867826878904857
Pignite,9,7,Gen-5,7.74,2.11,2.29,0.5592869123810196,0.4407130888435765
Pikachu,227,93,Gen-1,29.59,42.11,15.64,0.5305284155926342,0.46947158374309084
Pikipek,7,6,Gen-7,2.5,0.28,0.48,0.4082976276945663,0.5917023703416721
Piloswine,19,12,Gen-2,99.86,5.57,10.23,0.533554003165033,0.4664459984139108
Pincurchin,8,7,Gen-8,1.5,0.23,0.52,0.5157183763611772,0.4842816246843001
Pineco,21,16,Gen-2,2.8,1.26,2.9,0.44321150026878686,0.5567885001503688
Pinsir,26,20,Gen-1,21.23,4.19,5.12,0.33687391162708696,0.6631260888081871
Piplup,32,20,Gen-4,5.73,9.21,5.34,0.3651983182310409,0.6348016851217202
Plusle,21,20,Gen-3,13.59,2.38,5.72,0.522372108143604,0.4776278917782849
Poipole,6,5,Gen-7,1.95,0.45,1.43,0.3236772593898841,0.6763227408339914
Politoed,15,8,Gen-2,48.51,7.87,11.57,0.31546075270448637,0.6845392395061121
Poliwag,27,18,Gen-1,0.0,2.21,3.71,0.4440036789521344,0.5559963238634918
Poliwhirl,25,17,Gen-1,16.52,3.62,9.7,0.4772647646640674,0.5227352323067582
Poliwrath,29,17,Gen-1,31.85,8.91,10.49,0.5791439625464588,0.4208560398810789
Poltchageist,3,1,Gen-9,4.26,0.05,0.17,0.579102808782072,0.42089719206589143
Polteageist,9,8,Gen-8,1.78,0.34,1.47,0.38383123960828514,0.6161687592942051
Ponyta,36,26,Gen-1,10.83,2.12,6.23,0.47818406744156283,0.5218159321923064
Poochyena,23,17,Gen-3,1.72,1.19,4.29,0.4366278938427567,0.5633721110001206
Popplio,10,5,Gen-7,2.71,1.07,1.15,0.48421360449375284,0.5157863952420999
Porygon,48,27,Gen-1,9.7,3.24,3.84,0.3205965883931181,0.6794034096023795
Porygon2,18,14,Gen-2,25.22,7.55,6.02,0.475200312942875,0.5247996892955265
Primarina,8,5,Gen-7,7.85,0.81,2.87,0.5234714964203765,0.4765285027168741
Primeape,26,21,Gen-1,2.64,2.63,6.66,0.44709328690809214,0.5529067138297672
Prinplup,15,13,Gen-4,0.0,1.13,3.36,0.3240785430013936,0.6759214563164533
Probopass,15,14,Gen-4,5.27,1.11,1.13,0.5043061783623679,0.4956938296642883
Psyduck,45,29,Gen-1,20.14,7.31,17.49,0.27291277051191626,0.7270872269522065
Pumpkaboo,12,7,Gen-6,0.0,0.88,1.58,0.3057351813865907,0.6942648184856614
Pupitar,27,22,Gen-2,9.83,2.81,5.01,0.41200912588775696,0.5879908727550106
Purrloin,17,15,Gen-5,5.36,0.47,0.61,0.5344594560563564,0.4655405526249003
Purugly,10,9,Gen-4,0.0,0.55,1.06,0.5915837907298868,0.4084162062366625
Pyroar,14,10,Gen-6,2.49,0.52,1.79,0.40812094388087783,0.5918790501182096
Pyukumuku,5,5,Gen-7,4.05,0.75,2.36,0.30634246798316855,0.6936575414358891
Quagsire,17,15,Gen-2,5.22,2.74,7.84,0.5662557903588527,0.43374421507386207
Quaquaval,10,3,Gen-9,13.94,0.0,1.08,0.6398274407319067,0.3601725576288777
Quaxly,9,4,Gen-9,3.63,0.11,0.4,0.48538512311491133,0.514614878496344
Quaxwell,4,3,Gen-9,3.56,0.2,0.66,0.5658620074527114,0.4341379961421771
Quilava,17,13,Gen-2,0.0,3.0,7.86,0.23263730582015174,0.7673626984317273
Quilladin,3,3,Gen-6,7.24,2.59,2.97,0.3893421106019311,0.6106578922745856
Raboot,3,2,Gen-8,5.01,1.0,4.92,0.5323559830910508,0.467644016663038
Rabsca,4,3,Gen-9,3.17,0.05,0.32,0.48566918638480683,0.5143308110730073
Raging Bolt,4,1,Gen-9,28.24,0.0,0.0,0.5670780114860583,0.43292198951914895
Raichu,106,55,Gen-1,42.68,13.37,13.13,0.3589656792249664,0.6410343217923565
Raikou,34,20,Gen-2,54.95,39.9,11.83,0.29590138402309707,0.7040986212816926
Ralts,34,26,Gen-3,6.02,1.49,3.33,0.28972051909148455,0.7102794842426909
Rampardos,7,6,Gen-4,2.86,3.24,4.05,0.6416138545610011,0.35838614259846496
Rapidash,34,27,Gen-1,8.3,3.21,6.4,0.5388030718424093,0.46119692432564063
Raticate,31,24,Gen-1,2.76,3.0,7.64,0.5105092411608908,0.4894907588581936
Rattata,31,24,Gen-1,0.0,2.24,5.07,0.4844902111121956,0.5155097894412541
Rayquaza,72,35,Gen-3,46.98,40.71,39.7,0.5613489350725016,0.4386510630712321
Regice,10,9,Gen-3,131.69,1.8,3.09,0.3203297107361519,0.6796702895097542
Regidrago,8,4,Gen-8,8.1,0.46,0.92,0.5193069560217275,0.48069304294169757
Regieleki,8,4,Gen-8,4.82,1.04,1.28,0.4679331806514204,0.532066816671027
Regigigas,26,14,Gen-4,7.36,3.36,5.58,0.5852714022104111,0.4147286010821434
Regirock,19,16,Gen-3,78.12,1.57,3.27,0.29032506247405215,0.7096749364700116
Registeel,14,11,Gen-3,67.04,1.09,4.18,0.4565190935117082,0.5434809084091444
Relicanth,17,13,Gen-3,3.11,0.98,3.14,0.6064932954726991,0.3935067055478173
Rellor,4,3,Gen-9,4.2,0.11,0.32,0.48566918638480683,0.5143308110730073
Remoraid,19,15,Gen-2,0.0,1.06,3.24,0.46924228759025655,0.5307577130226876
Reshiram,32,17,Gen-5,14.83,5.12,3.19,0.45376212733487287,0.5462378871316711
Reuniclus,11,9,Gen-5,7.3,1.03,1.96,0.4880669626239169,0.5119330348395225
Revavroom,13,6,Gen-9,5.81,3.36,0.34,0.5864053428362779,0.4135946587659418
Rhydon,24,19,Gen-1,47.87,2.55,11.4,0.5512762212943609,0.448723783138098
Rhyhorn,32,22,Gen-1,1.9,1.98,5.89,0.4515115914839969,0.5484884063519958
Rhyperior,17,12,Gen-4,4.6,0.83,1.62,0.5279306923663925,0.47206930994487745
Ribombee,5,5,Gen-7,0.8,0.27,1.08,0.42337123537436117,0.5766287692822516
Rillaboom,23,8,Gen-8,10.47,2.49,1.85,0.5242060361827662,0.47579396262439366
Riolu,32,23,Gen-4,7.95,1.13,1.55,0.4899755310690538,0.5100244709191787
Roaring Moon,6,3,Gen-9,18.59,0.0,0.95,0.5243047921487163,0.4756952085868558
Rockruff,18,15,Gen-7,2.04,0.43,0.84,0.46032325754964,0.5396767405780136
Rolycoly,5,5,Gen-8,2.71,0.2,0.42,0.3941263565978592,0.6058736459143181
Rookidee,6,5,Gen-8,5.32,0.17,0.32,0.4827698417659848,0.5172301506623624
Roserade,15,12,Gen-4,4.61,4.1,3.04,0.2086412602583266,0.7913587422178845
Rotom,44,26,Gen-4,8.27,0.79,2.49,0.5000351123222759,0.4999648988696521
Rowlet,21,14,Gen-7,2.32,0.6,1.13,0.4948523739171413,0.5051476288289746
Rufflet,10,9,Gen-5,0.0,0.25,0.72,0.5358825606154466,0.46411744217097994
Runerigus,3,3,Gen-8,2.91,0.8,0.35,0.5273759139470935,0.4726240912599391
Sableye,31,30,Gen-3,5.79,2.18,4.33,0.3661399210492769,0.633860081532629
Salamence,33,18,Gen-3,20.44,2.54,12.21,0.4352982053194533,0.5647018013268033
Salandit,13,11,Gen-7,0.44,0.3,0.82,0.5683863791643282,0.4316136256813825
Salazzle,18,12,Gen-7,7.59,0.6,1.06,0.2446330242854956,0.7553669722906002
Samurott,22,9,Gen-5,4.43,0.99,1.73,0.5460599842356335,0.45394002018074237
Sandaconda,9,7,Gen-8,2.56,0.43,0.86,0.188092049697171,0.8119079618228842
Sandile,15,12,Gen-5,5.31,0.44,0.84,0.5254063971214484,0.47459360160578723
Sandshrew,31,23,Gen-1,3.35,1.94,6.23,0.35326961577428784,0.6467303764565209
Sandslash,31,23,Gen-1,14.64,2.69,7.55,0.2326586895758396,0.7673413152487514
Sandy Shocks,4,2,Gen-9,7.68,0.05,0.46,0.19025075546382225,0.8097492582463206
Sandygast,9,8,Gen-7,5.3,0.31,0.31,0.4346669243402882,0.5653330789516783
Sawk,6,6,Gen-5,0.0,0.58,1.29,0.4471791482386017,0.5528208551816
Sawsbuck,7,5,Gen-5,6.56,2.42,1.13,0.5314592321413558,0.4685407677481135
Scatterbug,6,5,Gen-6,0.0,0.52,0.65,0.5105407077978115,0.48945929040484937
Sceptile,28,15,Gen-3,19.42,6.94,7.04,0.5173588462903634,0.4826411552650412
Scizor,45,24,Gen-2,19.82,9.14,7.46,0.37785683705441164,0.6221431628888003
Scolipede,8,6,Gen-5,3.82,0.98,2.04,0.47631659993273473,0.5236833990573972
Scorbunny,11,6,Gen-8,3.43,3.24,0.35,0.37142045450371564,0.628579548097129
Scovillain,5,4,Gen-9,2.78,0.05,0.45,0.3349945282836148,0.6650054765320043
Scrafty,12,11,Gen-5,0.88,0.52,1.22,0.5433821426841484,0.4566178501254933
Scraggy,16,15,Gen-5,6.92,0.4,0.9,0.35323925661545885,0.6467607452585092
Scream Tail,6,4,Gen-9,7.51,0.05,0.6,0.43267059816251974,0.5673294068291419
Scyther,43,28,Gen-1,49.29,5.31,8.43,0.45397242099600094,0.546027582992489
Seadra,28,21,Gen-1,18.49,2.16,6.56,0.3555390991538649,0.6444609051048191
Seaking,20,16,Gen-1,0.0,1.74,4.64,0.4396087215946275,0.5603912779458743
Seedot,19,17,Gen-3,0.0,0.57,2.01,0.38736145773192343,0.612638542880453
Seel,24,17,Gen-1,0.0,3.0,5.8,0.42278763929681984,0.5772123607063052
Seismitoad,12,11,Gen-5,6.22,0.58,1.03,0.47015301255803355,0.5298469924662066
Sentret,13,11,Gen-2,0.0,2.0,4.49,0.3003976129715076,0.6996023893091743
Serperior,17,7,Gen-5,9.61,1.43,3.63,0.32289824694516533,0.6771017525824246
Servine,8,5,Gen-5,3.66,1.07,1.62,0.5658620074527114,0.4341379961421771
Seviper,16,15,Gen-3,7.42,1.44,2.92,0.3394648610015532,0.6605351487440722
Sewaddle,10,7,Gen-5,0.0,0.63,0.89,0.4605214893620735,0.5394785109805104
Sharpedo,26,21,Gen-3,8.73,1.52,3.36,0.4616874431895859,0.5383125571870157
Shaymin,34,20,Gen-4,11.19,2.08,2.94,0.34827222925266493,0.6517277668101776
Shedinja,9,8,Gen-3,8.4,1.74,3.11,0.5162704499719407,0.4837295480939591
Shelgon,19,14,Gen-3,3.53,1.25,12.22,0.4993020719577252,0.5006979346467146
Shellder,17,13,Gen-1,0.0,2.62,2.52,0.3339494602763256,0.6660505415115574
Shellos,12,6,Gen-4,0.0,0.71,0.82,0.3079743273801464,0.6920256724432572
Shelmet,15,9,Gen-5,0.0,0.28,1.13,0.5211710183421763,0.478828983132338
Shieldon,7,6,Gen-4,9.28,0.42,1.04,0.3073032014012379,0.6926967985624837
Shiftry,23,18,Gen-3,7.93,0.82,3.45,0.2514280987116285,0.7485719005473787
Shiinotic,8,6,Gen-7,11.44,0.53,1.06,0.3279460821892522,0.6720539165932374
Shinx,30,19,Gen-4,2.56,3.7,3.36,0.32676938547037837,0.673230619259141
Shroodle,4,3,Gen-9,3.06,0.05,0.24,0.45149001558108814,0.5485099754498705
Shroomish,15,15,Gen-3,1.83,0.66,1.61,0.4479684054479942,0.5520315951752391
Shuckle,18,13,Gen-2,10.54,1.62,5.23,0.40978394913961924,0.5902160433321897
Shuppet,18,17,Gen-3,2.1,0.84,2.07,0.5419193675702748,0.45808062917397663
Sigilyph,16,11,Gen-5,8.01,0.36,0.85,0.2637909712494731,0.7362090320777648
Silicobra,5,4,Gen-8,2.41,0.23,0.36,0.5326044197151569,0.4673955798791115
Silvally,14,7,Gen-7,6.48,4.22,2.63,0.3801203076120303,0.619879692428462
Simipour,9,9,Gen-5,0.0,0.7,1.03,0.4119782762220405,0.588021725709889
Simisage,9,9,Gen-5,0.0,0.44,0.91,0.5564204414211515,0.44357955874245913
Simisear,15,13,Gen-5,3.94,0.94,1.57,0.6444297544394149,0.35557024788649116
Sinistcha,5,1,Gen-9,9.31,0.0,0.27,0.579102808782072,0.42089719206589143
Sinistea,7,7,Gen-8,1.98,0.39,1.18,0.38383123960828514,0.6161687592942051
Sirfetch'd,7,6,Gen-8,2.26,1.45,2.8,0.4415526165514181,0.5584473791427809
Sizzlipede,8,6,Gen-8,3.14,0.16,0.39,0.40621760385469174,0.5937823974373904
Skarmory,30,24,Gen-2,20.62,2.18,3.28,0.4868649611550591,0.5131350378009915
Skeledirge,8,4,Gen-9,4.63,0.0,0.7,0.5636826950378229,0.43631730106406397
Skiddo,9,9,Gen-6,3.94,0.26,0.41,0.5136858453074057,0.48631415658024113
Skiploom,15,13,Gen-2,5.14,1.49,1.92,0.39163707949958,0.6083629198530995
Skitty,26,20,Gen-3,13.4,3.66,2.23,0.32751037621553325,0.6724896228766474
Skorupi,10,9,Gen-4,0.0,1.56,1.29,0.3226328800592454,0.6773671187984291
Skrelp,5,5,Gen-6,0.0,0.34,0.81,0.4743874121056983,0.5256125891961657
Skuntank,13,11,Gen-4,6.01,1.99,1.68,0.43315603529037006,0.5668439650216603
Skwovet,8,7,Gen-8,4.3,0.38,0.52,0.40641245220846844,0.5935875445712541
Slaking,14,13,Gen-3,3.85,2.44,5.52,0.574692769607409,0.4253072302784582
Slakoth,15,13,Gen-3,0.0,0.59,2.93,0.5303447796160468,0.46965521910274133
Sliggoo,7,7,Gen-6,0.0,0.59,1.28,0.4287963717984634,0.571203628812717
Slither Wing,4,2,Gen-9,6.15,0.08,0.05,0.5074664307553974,0.49253357344780835
Slowbro,32,22,Gen-1,12.58,5.31,8.63,0.5759900483092439,0.4240099520560239
Slowking,22,16,Gen-2,31.77,5.51,9.28,0.5725102743717037,0.4274897220174243
Slowpoke,38,30,Gen-1,15.3,1.41,7.58,0.5457147743637589,0.45428522042083463
Slugma,25,21,Gen-2,0.0,1.5,2.99,0.5172452594673136,0.48275473911844013
Slurpuff,8,7,Gen-6,1.64,0.2,0.9,0.5227694158969385,0.47723058208690156
Smeargle,20,15,Gen-2,17.92,2.2,4.55,0.3709578250912907,0.6290421739503811
Smoliv,5,4,Gen-9,2.76,0.17,0.2,0.35706869132028735,0.6429313090414954
Smoochum,8,7,Gen-2,0.0,2.61,8.33,0.6573188469745219,0.34268114715814574
Sneasel,29,24,Gen-2,12.43,6.18,1.3,0.30621024817190134,0.6937897570095346
Sneasler,5,2,Gen-8,8.6,0.0,0.84,0.5292041152005351,0.47079588712448256
Snivy,12,7,Gen-5,4.36,1.03,2.5,0.5760328040553733,0.4239671956455514
Snom,7,4,Gen-8,3.18,0.55,1.24,0.1649645830876078,0.8350354138084195
Snorlax,60,37,Gen-1,55.41,10.0,20.89,0.48056629752474156,0.5194337039620481
Snorunt,17,16,Gen-3,3.39,0.81,2.09,0.150353080740631,0.84964692406723
Snover,13,12,Gen-4,4.45,1.75,1.03,0.45969006950035685,0.5403099390678108
Snubbull,24,19,Gen-2,2.22,1.37,2.9,0.39550510315241505,0.6044948966198496
Sobble,10,6,Gen-8,2.5,3.76,1.2,0.5685044511379612,0.43149554601633067
Solgaleo,21,9,Gen-7,13.11,2.68,1.74,0.447732024771617,0.5522679762141978
Solosis,8,7,Gen-5,0.0,0.58,0.43,0.3662191650695017,0.6337808346946633
Solrock,26,18,Gen-3,9.75,2.66,3.92,0.5397037789508945,0.46029622308159046
Spearow,22,18,Gen-1,0.0,1.38,5.07,0.5358825606154466,0.46411744217097994
Spectrier,2,2,Gen-8,0.94,0.0,1.58,0.5388030718424093,0.46119692432564063
Spewpa,5,5,Gen-6,0.0,0.54,0.55,0.478419518721048,0.5215804824420187
Spheal,14,11,Gen-3,0.0,1.29,3.51,0.49141774309389546,0.5085822583889549
Spidops,5,3,Gen-9,2.88,0.05,0.35,0.3494952769251539,0.6505046992562711
Spinarak,21,18,Gen-2,0.0,0.86,3.48,0.2112825949666426,0.7887174088824935
Spinda,10,10,Gen-3,0.0,2.5,2.26,0.37743946517487825,0.6225605452345916
Spiritomb,20,18,Gen-4,3.47,1.04,2.68,0.40645113657930826,0.5935488640988571
Spoink,17,15,Gen-3,0.0,0.9,2.03,0.3633636371232569,0.6366363475099206
Sprigatito,10,4,Gen-9,4.15,0.15,0.5,0.478541032504058,0.5214589671301482
Spritzee,6,6,Gen-6,0.0,0.5,0.87,0.13801319750824134,0.8619867964381618
Squawkabilly,6,3,Gen-9,4.39,0.05,0.19,0.486580817727372,0.5134191856436107
Squirtle,38,24,Gen-1,8.42,8.83,21.17,0.4809888844695769,0.5190111152969329
Stakataka,8,4,Gen-7,9.09,0.0,2.61,0.31347912462855065,0.6865208711164693
Stantler,14,11,Gen-2,0.0,5.55,3.53,0.3125188199179541,0.6874811807468246
Staraptor,11,10,Gen-4,9.69,1.18,1.02,0.362957080197173,0.6370429215768574
Staravia,12,12,Gen-4,0.0,2.13,1.39,0.45242297532689374,0.5475770232161719
Starly,15,14,Gen-4,5.59,0.71,1.43,0.3855728705975172,0.6144271234264962
Starmie,36,25,Gen-1,17.26,4.48,5.73,0.4638959387097667,0.53610406377376
Staryu,34,26,Gen-1,5.01,2.35,4.35,0.4403277234283097,0.559672276338196
Steelix,39,24,Gen-2,42.67,4.09,6.6,0.4701045622044946,0.5298954368576065
Steenee,5,5,Gen-7,0.0,1.35,0.79,0.5678653014865631,0.43213470139926347
Stonjourner,12,7,Gen-8,3.2,0.6,0.9,0.2980606576731508,0.7019393455561088
Stoutland,12,10,Gen-5,2.52,0.86,1.24,0.2875433731436108,0.7124566352770973
Stufful,11,10,Gen-7,6.6,0.51,0.58,0.35173085551330086,0.6482691459981251
Stunfisk,18,15,Gen-5,2.38,0.36,0.71,0.5029015093822171,0.49709849260196826
Sudowoodo,21,17,Gen-2,38.34,2.8,3.25,0.4169521489639536,0.5830478488022218
Suicune,37,23,Gen-2,60.18,44.91,16.44,0.22328667695841714,0.7767133266237136
Sunflora,13,10,Gen-2,5.51,2.65,4.68,0.443380239058514,0.5566197564844422
Sunkern,12,10,Gen-2,0.0,0.97,3.22,0.37696742465444666,0.6230325680969463
Surskit,14,14,Gen-3,0.0,0.59,1.22,0.2145201251274435,0.785479872081475
Swablu,26,22,Gen-3,3.2,0.7,3.45,0.3047813651050723,0.6952186394260144
Swadloon,8,7,Gen-5,0.0,0.44,1.14,0.38948091009634356,0.61051908932908
Swalot,8,7,Gen-3,6.65,4.9,4.9,0.4214292496258696,0.5785707482299225
Swampert,22,13,Gen-3,16.55,11.56,7.83,0.4459014690515618,0.5540985301550891
Swanna,12,11,Gen-5,2.04,0.83,1.23,0.4463069288706121,0.5536930723501755
Swellow,14,12,Gen-3,2.33,1.76,2.69,0.48810024425065845,0.5118997547182342
Swinub,16,12,Gen-2,0.0,1.28,8.41,0.49352160781195537,0.5064783950796328
Swirlix,10,9,Gen-6,2.75,1.13,0.35,0.4905880185930678,0.5094119728365469
Swoobat,9,9,Gen-5,0.0,1.44,1.57,0.43390455432782626,0.5660954478187296
Sylveon,27,13,Gen-6,22.06,4.84,4.17,0.2276001996616264,0.7723998036065207
Tadbulb,6,3,Gen-9,0.0,0.05,0.28,0.4642974637332372,0.5357025330886245
Taillow,13,13,Gen-3,0.0,0.52,3.44,0.44110318599737564,0.5588968184795354
Talonflame,16,12,Gen-6,2.88,0.61,1.86,0.4493353706574616,0.5506646319857386
Tandemaus,9,5,Gen-9,5.53,0.2,0.47,0.5295256762051834,0.47047432215373597
Tangela,35,25,Gen-1,7.6,2.11,2.26,0.4669579452504439,0.5330420526327523
Tangrowth,18,15,Gen-4,5.93,0.68,1.53,0.4669579452504439,0.5330420526327523
Tapu Bulu,10,6,Gen-7,4.87,0.87,2.13,0.3831632866966931,0.6168367123551746
Tapu Fini,11,7,Gen-7,7.05,3.84,2.94,0.3831632866966931,0.6168367123551746
Tapu Koko,26,13,Gen-7,4.66,1.16,1.53,0.3831632866966931,0.6168367123551746
Tapu Lele,15,10,Gen-7,9.3,6.76,1.97,0.2546245063822424,0.7453754951166047
Tatsugiri,7,5,Gen-9,9.15,0.05,0.18,0.2797300830756583,0.7202699147608308
Tauros,31,22,Gen-1,6.66,1.39,9.97,0.30043157997373343,0.6995684252444121
Teddiursa,14,13,Gen-2,1.39,1.15,5.02,0.33661099190207844,0.6633890054203689
Tentacool,20,14,Gen-1,0.0,2.61,5.62,0.37461007045515404,0.6253899309405504
Tentacruel,20,15,Gen-1,40.8,3.94,9.26,0.5417826448013132,0.45821735200979086
Tepig,15,10,Gen-5,2.07,1.33,2.92,0.19621928382520235,0.8037807092124831
Terrakion,16,11,Gen-5,12.55,1.51,1.91,0.447751621625172,0.5522483794780594
Thievul,8,7,Gen-8,1.45,0.4,0.81,0.4958878632049793,0.504112137598415
Throh,6,6,Gen-5,0.0,0.55,2.08,0.48081208324059843,0.5191879185754805
Thundurus,17,12,Gen-5,9.93,2.4,1.9,0.42658856974449005,0.5734114162623882
Thwackey,7,4,Gen-8,5.42,0.33,0.66,0.5044680886307848,0.4955319115007141
Timburr,12,9,Gen-5,4.09,0.6,1.29,0.46813471230829273,0.5318652884744246
Ting-Lu,7,4,Gen-9,5.1,0.0,0.36,0.5109726299955692,0.48902736883610487
Tinkatink,8,4,Gen-9,3.66,0.05,0.37,0.5023037614963873,0.4976962371636797
Tinkaton,8,4,Gen-9,7.68,5.17,0.59,0.3561426771533054,0.6438573177715408
Tinkatuff,5,3,Gen-9,6.77,0.05,0.43,0.5632865416602109,0.4367134528243386
Tirtouga,3,3,Gen-5,0.0,0.59,3.9,0.49986435982081323,0.5001356420086442
Toedscool,8,4,Gen-9,4.45,0.12,0.16,0.38833567681546616,0.6116643261322575
Toedscruel,7,4,Gen-9,2.98,0.19,0.55,0.507359185137213,0.49264081548821465
Togedemaru,10,8,Gen-7,8.03,0.53,1.05,0.5275185416740853,0.47248146104781574
Togekiss,17,11,Gen-4,3.81,1.91,3.18,0.5707636909063134,0.42923630718753264
Togepi,19,17,Gen-2,6.38,4.25,9.39,0.4464641859688396,0.5535358185532808
Togetic,16,13,Gen-2,45.03,2.09,8.59,0.2149950106162577,0.7850049895059783
Torchic,34,23,Gen-3,13.97,2.3,3.97,0.4605343080598654,0.5394656939566549
Torkoal,22,19,Gen-3,5.61,2.07,2.64,0.41609817846681785,0.5839018191221712
Tornadus,16,11,Gen-5,10.94,0.26,1.87,0.2965152641719517,0.7034847366002698
Torracat,7,6,Gen-7,0.0,0.62,0.94,0.5135414501500245,0.48645855063238674
Torterra,16,11,Gen-4,12.07,2.05,3.2,0.426977913534215,0.5730220862414768
Totodile,24,18,Gen-2,12.23,2.7,7.44,0.33864226488647253,0.6613577454690637
Toucannon,4,4,Gen-7,0.0,0.28,0.82,0.4796432665700615,0.5203567352100031
Toxapex,8,6,Gen-7,3.02,0.19,1.78,0.4695035149212139,0.5304964867830876
Toxel,11,10,Gen-8,4.63,0.08,0.58,0.35387018124841274,0.6461298129584451
Toxicroak,23,20,Gen-4,6.27,1.2,1.6,0.4213812826030955,0.5786187126210367
Toxtricity,21,11,Gen-8,2.65,0.05,0.77,0.4363272401411086,0.5636727501638233
Tranquill,9,9,Gen-5,0.0,0.37,0.88,0.4881734123483735,0.5118265910739345
Trapinch,21,18,Gen-3,0.0,1.35,1.79,0.2738053498105903,0.7261946512037593
Treecko,28,18,Gen-3,12.98,1.34,6.16,0.191226286958887,0.8087737148520178
Trevenant,22,15,Gen-6,5.01,0.25,1.24,0.2314913575021836,0.7685086474872675
Tropius,21,16,Gen-3,7.32,5.19,3.53,0.5425625547074922,0.4574374460965136
Trubbish,16,14,Gen-5,0.0,1.47,1.21,0.39874965886461733,0.601250342802675
Trumbeak,4,4,Gen-7,0.0,0.36,0.25,0.379042212971168,0.6209577891078392
Tsareena,16,9,Gen-7,2.01,0.17,1.11,0.37531375822274826,0.6246862510484384
Turtonator,13,10,Gen-7,5.36,0.95,0.48,0.49977158972792124,0.500228412743587
Turtwig,22,16,Gen-4,3.52,2.68,3.3,0.32805031266961376,0.6719496883155103
Tympole,10,10,Gen-5,0.0,0.42,1.09,0.5883749206809119,0.411625084777673
Tynamo,16,13,Gen-5,0.0,0.58,0.58,0.3073032014012379,0.6926967985624837
Type: Null,6,5,Gen-7,1.76,0.84,2.04,0.5490023279818852,0.45099766933275237
Typhlosion,34,17,Gen-2,74.34,4.93,14.47,0.5308093877085613,0.46919061452758287
Tyranitar,57,28,Gen-2,71.3,9.54,27.71,0.1670562605319321,0.8329437413102079
Tyrantrum,5,4,Gen-6,9.37,3.53,3.93,0.4919201945920896,0.5080798054794162
Tyrogue,9,8,Gen-2,0.0,2.49,4.57,0.3332004950119294,0.6667995052318395
Tyrunt,3,2,Gen-6,0.0,1.91,0.98,0.4493370734996019,0.5506629278482416
Umbreon,54,28,Gen-2,69.54,32.02,32.2,0.2838927197662301,0.7161072819092156
Unfezant,10,8,Gen-5,0.0,0.68,1.54,0.5066499492719483,0.4933500522461074
Unown,125,20,Gen-2,13.84,4.16,3.08,0.5165054905989493,0.483494503960873
Ursaluna,7,4,Gen-8,14.12,0.49,0.68,0.4665076860849854,0.5334923104985672
Ursaring,19,14,Gen-2,23.64,3.88,2.27,0.48636544484822963,0.5136345572624561
Urshifu,22,4,Gen-8,10.35,0.0,0.0,0.4650828034759291,0.5349171936718953
Uxie,12,8,Gen-4,10.8,4.32,4.32,0.5760328040553733,0.4239671956455514
Vanillish,10,9,Gen-5,9.79,0.41,1.09,0.4935486062334613,0.5064513950440807
Vanillite,9,9,Gen-5,0.0,0.33,0.35,0.4930230227281902,0.5069769730536036
Vanilluxe,8,8,Gen-5,2.34,0.45,2.27,0.4203620614833198,0.5796379473642446
Vaporeon,46,30,Gen-1,53.46,11.42,22.56,0.3905538084666337,0.6094461966184355
Varoom,10,6,Gen-9,2.57,0.05,0.34,0.5477287437948319,0.45227125260221246
Veluza,4,3,Gen-9,3.79,0.05,0.26,0.4242875998300548,0.5757123946432807
Venipede,6,6,Gen-5,0.0,0.53,0.91,0.0917357525123016,0.9082642600871622
Venomoth,22,12,Gen-1,13.09,4.28,6.02,0.5674282278424521,0.43257177382238143
Venonat,16,12,Gen-1,0.0,1.32,4.32,0.45947524473290846,0.5405247563161373
Venusaur,59,28,Gen-1,39.31,26.85,26.96,0.5207671558078473,0.4792328354281683
Vespiquen,13,11,Gen-4,2.66,1.19,1.35,0.5691123467515267,0.4308876506984233
Vibrava,19,16,Gen-3,0.0,1.75,3.42,0.357601628454564,0.6423983771738637
Victini,40,27,Gen-5,8.05,1.56,2.23,0.5409885021903909,0.45901149801082075
Victreebel,21,14,Gen-1,18.3,5.16,6.0,0.5580703907669522,0.44192960823886085
Vigoroth,14,13,Gen-3,0.0,0.93,2.48,0.5068820256135969,0.4931179752191257
Vikavolt,13,8,Gen-7,1.96,0.1,0.76,0.5670414530547403,0.4329585463274269
Vileplume,33,19,Gen-1,23.11,5.19,6.61,0.24927830319092775,0.7507216972143699
Virizion,19,13,Gen-5,8.21,1.06,2.53,0.5337270434362782,0.46627295490600595
Vivillon,8,6,Gen-6,2.04,0.54,1.94,0.5083104364188826,0.4916895640711332
Volcanion,21,10,Gen-6,7.16,0.55,1.44,0.5154356879002109,0.48456431465138083
Volcarona,22,12,Gen-5,11.75,0.5,3.8,0.46931124721648143,0.5306887579015849
Voltorb,47,36,Gen-1,3.31,1.9,5.85,0.4403277234283097,0.559672276338196
Vulpix,64,41,Gen-1,7.22,4.12,6.71,0.32920829414090663,0.6707917060337162
Wailmer,13,13,Gen-3,0.0,0.75,3.11,0.5562553932480235,0.44374460585192954
Wailord,18,16,Gen-3,8.89,2.32,2.88,0.49359490063189604,0.5064050958047366
Walking Wake,6,3,Gen-9,14.14,0.0,0.15,0.49015078852790844,0.5098492075496959
Walrein,11,11,Gen-3,15.48,0.86,3.36,0.3312879004552087,0.6687121011127601
Wartortle,29,18,Gen-1,24.34,8.8,17.39,0.5630112444782363,0.4369887540183428
Watchog,9,7,Gen-5,0.0,0.59,1.97,0.5842426270583128,0.4157573753597596
Wattrel,7,4,Gen-9,3.73,0.09,0.4,0.44110318599737564,0.5588968184795354
Weavile,19,17,Gen-4,3.15,2.32,2.29,0.5524947178024593,0.44750527007966684
Weedle,31,24,Gen-1,8.73,2.04,9.37,0.278655018370885,0.7213449981063604
Weepinbell,18,14,Gen-1,0.0,2.22,3.51,0.4288017914949962,0.5711982073742612
Weezing,30,21,Gen-1,13.34,3.06,5.04,0.45938715913669304,0.5406128414809548
Whimsicott,19,13,Gen-5,3.88,0.48,1.37,0.5473558311541141,0.4526441677050157
Whirlipede,7,6,Gen-5,0.0,0.49,0.94,0.261481773311755,0.7385182197378188
Whiscash,11,10,Gen-3,0.0,1.82,3.37,0.44561821679937935,0.5543817834345981
Whismur,14,12,Gen-3,0.0,1.14,1.95,0.4822716376973083,0.5177283687226832
Wigglytuff,34,22,Gen-1,14.84,3.35,4.51,0.4936627509548913,0.5063372534147441
Wiglett,8,5,Gen-9,5.74,0.05,0.29,0.5351184265950641,0.4648815749174744
Wimpod,11,8,Gen-7,3.01,0.69,0.38,0.4347547321706325,0.5652452692915888
Wingull,13,12,Gen-3,3.47,1.26,3.06,0.5943538183480082,0.4056461844350583
Wishiwashi,11,6,Gen-7,4.7,0.31,1.04,0.4378891260408072,0.5621108727264903
Wo-Chien,5,3,Gen-9,6.05,0.0,0.41,0.43642750810629316,0.5635724820844505
Wobbuffet,28,24,Gen-2,9.82,3.57,5.82,0.5895324151781274,0.41046759663376864
Woobat,11,11,Gen-5,4.87,0.45,0.79,0.3011674388059118,0.6988325641382226
Wooloo,7,5,Gen-8,1.76,0.26,0.8,0.5145053680734618,0.48549463545717886
Wooper,25,18,Gen-2,4.17,1.63,7.44,0.354386853087189,0.6456131496890994
Wormadam,13,5,Gen-4,0.0,1.9,1.7,0.42374064673605805,0.5762593555005343
Wugtrio,7,5,Gen-9,2.37,0.33,0.62,0.5457629118457265,0.45423708123358325
Wurmple,11,10,Gen-3,0.0,0.77,2.3,0.3778772230047588,0.6221227777796318
Wynaut,5,5,Gen-3,0.0,1.58,3.06,0.5634346153236536,0.43656538461193495
Wyrdeer,6,2,Gen-8,2.17,0.56,1.3,0.3519554914936663,0.6480445134333305
Xatu,25,18,Gen-2,33.59,1.5,4.92,0.3314262446910303,0.668573754690322
Xerneas,25,12,Gen-6,5.13,1.96,2.45,0.2886058746134404,0.7113941341379245
Xurkitree,10,6,Gen-7,10.86,2.72,2.34,0.39668656438352,0.6033134324799532
Yamask,9,7,Gen-5,3.47,0.64,2.25,0.676588242372068,0.32341176712025804
Yamper,5,4,Gen-8,6.89,0.35,0.57,0.6990028889422926,0.30099711216753344
Yanma,22,18,Gen-2,45.68,1.69,4.1,0.5146133971398889,0.4853866070268615
Yanmega,22,17,Gen-4,10.14,3.63,1.81,0.33831278436368195,0.6616872130793385
Yungoos,7,7,Gen-7,1.79,0.24,0.93,0.46700626009031,0.5329937402055495
Yveltal,28,16,Gen-6,6.73,1.1,2.21,0.5646469181398829,0.435353081138967
Zacian,23,9,Gen-8,6.65,1.31,0.94,0.43844781791845,0.5615521834620135
Zamazenta,19,9,Gen-8,4.96,1.79,2.39,0.4198620658631746,0.5801379331325491
Zangoose,16,15,Gen-3,7.5,2.75,5.24,0.558324471151886,0.44167552385121
Zapdos,54,33,Gen-1,22.2,10.83,19.7,0.4771100688408271,0.5228899313668756
Zarude,6,5,Gen-8,2.2,0.21,0.9,0.6233291461787641,0.3766708582103641
Zekrom,26,17,Gen-5,12.7,2.91,2.52,0.5744961184892253,0.42550387786182214
Zeraora,21,10,Gen-7,6.98,1.68,1.57,0.4871304418499532,0.5128695571697071
Zigzagoon,12,12,Gen-3,8.07,1.35,2.19,0.3069900229545369,0.6930099783795297
Zoroark,46,21,Gen-5,9.54,2.34,2.12,0.48345812229807805,0.5165418771225525
Zorua,23,19,Gen-5,7.06,1.3,2.03,0.32975644049131203,0.6702435554729568
Zubat,37,27,Gen-1,0.0,1.69,5.03,0.4809888844695769,0.5190111152969329
Zweilous,11,10,Gen-5,0.0,0.75,0.96,0.32063883485702355,0.6793611697995892
Zygarde,30,13,Gen-6,8.77,0.84,1.22,0.3979133331377692,0.6020866677059417
