Pokemon,Neutrale,Positivo,Negativo
Abomasnow,0.38348334307657245,0.2981001134447531,0.3184165469259579
Abra,0.2808230061580062,0.09159570357650919,0.6275812872462785
Absol,0.32879604476551383,0.34470062827202097,0.32650332777145297
Accelgor,0.44650618538049774,0.2632735834593446,0.2902202301318721
Aegislash,0.44623405480136474,0.21486660702636037,0.33889934185140747
Aerodactyl,0.5714451794654293,0.1799168980024937,0.24863792449468744
Aggron,0.4219428277829138,0.2698211066244766,0.3082360671093435
Aipom,0.25704875609113104,0.07013026123038592,0.6728209687603844
Alakazam,0.44438525550067426,0.30230209730565544,0.25331264681182797
Alcremie,0.583027401140758,0.25952143767582514,0.15745114096041232
Alomomola,0.4293422607628924,0.20333722858928316,0.3673205104930843
Altaria,0.29446921702474355,0.12810777830891307,0.5774230301380158
Amaura,0.49675525388202485,0.2824080217542359,0.2208367245483187
Ambipom,0.31481114590008347,0.22688142737107614,0.4583074213072125
Amoonguss,0.4964975696500568,0.21625170950585648,0.28725072226694054
Ampharos,0.39623052027167344,0.19790268121514373,0.4058668029199286
Annihilape,0.46261982611394015,0.35449029091151724,0.18288988359407451
Anorith,0.2922647156425424,0.19798782507800872,0.5097474605726028
Appletun,0.4859705285054517,0.2733692429112354,0.2406602268772865
Applin,0.44189463459018075,0.23046286081608208,0.32764250657298444
Araquanid,0.37852653988751556,0.18765528334451625,0.43381817831621095
Arbok,0.5799431686957731,0.15225042042362946,0.2678064122877043
Arboliva,0.3211561243819154,0.2061645774595925,0.4726792833484385
Arcanine,0.2723010374082101,0.32051947503979944,0.40717948741355053
Arceus,0.2015724142644185,0.25129664678416036,0.5471309370487123
Archaludon,0.4887467744055125,0.328039274551917,0.18321395219918263
Archen,0.20475266921485574,0.09431790553444862,0.7009294297719417
Archeops,0.46376649789246066,0.3428095206611787,0.19342398133222793
Arctibax,0.458920241345259,0.2830388603633878,0.25804090131888363
Arctovish,0.28217891163741654,0.5447055717523293,0.17311551822910676
Arctozolt,0.40155247222882373,0.12054836615284122,0.47789916340539706
Ariados,0.389594840564469,0.2781763011995746,0.3322288591465226
Armaldo,0.2515087873148529,0.12628580571491388,0.6222054050101534
Armarouge,0.3668450840920175,0.26031704430198205,0.37283787233535337
Aromatisse,0.24499305834958574,0.37203679331754036,0.3829701468524224
Aron,0.4962307853531671,0.16532029751297775,0.3384489201020842
Arrokuda,0.44052499941148987,0.2581570190153031,0.30131798273627386
Articuno,0.5748920239709707,0.14878674012560172,0.27632123472884906
Audino,0.35544230936332344,0.35268146803005124,0.29187622360384335
Aurorus,0.24744925585885838,0.35749338350653875,0.39505734747614374
Avalugg,0.537424209950375,0.3325865242967031,0.12998926927888851
Axew,0.4358478086572644,0.23513737272655771,0.3290148192664256
Azelf,0.5783525492096769,0.22513854709164846,0.19650890829105827
Azumarill,0.41405642356091577,0.3342467945327544,0.2516967818650993
Azurill,0.3010086787035106,0.1816476322692324,0.517343687643006
Bagon,0.34584127468261733,0.19412671254307082,0.46003201336712174
Baltoy,0.4467528546523107,0.10378684215737798,0.44946030201880555
Banette,0.5130742559157726,0.2853822396123885,0.20154350121609035
Barbaracle,0.5205168686339825,0.250714195678578,0.2287689345191136
Barboach,0.447905039434166,0.15515613251045576,0.39693882991559803
Barraskewda,0.46029263998575276,0.22684060052186109,0.3128667610368628
Basculegion,0.6359519171823815,0.244152788386294,0.11989528905691167
Basculin,0.4548530199717583,0.2735529257639674,0.27159405384728375
Bastiodon,0.5959592656720252,0.2682881219356897,0.1357526130242539
Baxcalibur,0.44722082011867315,0.2788213580663848,0.2739578241266177
Bayleef,0.2902654939067061,0.09680983473429046,0.6129246709415139
Beartic,0.4073933395295498,0.1576009140522585,0.43500574011083565
Beedrill,0.4008705593949963,0.2341705034397936,0.364958937436264
Beheeyem,0.46064315396935157,0.2380420273637928,0.3013148198050944
Beldum,0.5619893637662292,0.2510270021058912,0.18698364989180385
Bellibolt,0.4779001303470215,0.30760800093176416,0.21449186779067822
Bellossom,0.30450540275687904,0.11361041950098198,0.5818841774452043
Bellsprout,0.4409584419882316,0.2500881202171131,0.30895343733330566
Bergmite,0.48464390134753343,0.30151504041421434,0.21384105850333643
Bewear,0.4693249970994638,0.2635317081671003,0.26714329496770367
Bibarel,0.427725845473885,0.24631230021519251,0.3259618592440217
Bidoof,0.3123931605534176,0.22289779908044435,0.464709042725787
Binacle,0.490008758785932,0.35143231991273555,0.1585589222832704
Bisharp,0.4687403682170503,0.16592461403167566,0.3653350258694894
Blacephalon,0.3328184446646891,0.11457934945653328,0.5526022057920853
Blastoise,0.6149107029040655,0.2475327042241891,0.13755659231295186
Blaziken,0.41851086260293513,0.31355339579791275,0.26793574209712784
Blipbug,0.34941449244178385,0.22197931816262814,0.42860618625906133
Blissey,0.49951572460956656,0.21611762714325006,0.28436664729272937
Boldore,0.549397734313536,0.22837443372457106,0.22222783531882423
Boltund,0.4071858466017695,0.3895358589964103,0.20327829991557952
Bombirdier,0.5090725252349089,0.21603468114303215,0.2748927957883789
Bonsly,0.36078225428251715,0.112795722062356,0.5264220199455236
Bouffalant,0.6397502545310494,0.16934798011182298,0.19090176659409658
Bounsweet,0.4347688281069824,0.2683714298401891,0.2968597382041841
Braixen,0.49675525388202485,0.2824080217542359,0.2208367245483187
Brambleghast,0.682818233470122,0.07561312705899276,0.24156864968438937
Bramblin,0.22574063550148687,0.050103476137987164,0.7241558964763369
Braviary,0.33267428222426537,0.11237637649279039,0.554949343022161
Breloom,0.4179102036233849,0.21576962572835645,0.36632016835772707
Brionne,0.46533102395904946,0.2912273952347213,0.24344158298532723
Bronzong,0.5216835712375385,0.23060981141403314,0.24770661649959425
Bronzor,0.25430964346991003,0.09746116809009642,0.6482291906021345
Brute Bonnet,0.6034152865605918,0.0834550859341234,0.31312962680270795
Bruxish,0.257683649527614,0.2555544561651235,0.48676189128046404
Budew,0.4353220816839624,0.33512552206714946,0.22955239779419367
Buizel,0.369998725131154,0.33062619734911397,0.299375078744688
Bulbasaur,0.4334825015154473,0.23576553787246982,0.3307519616610413
Buneary,0.38381810495363816,0.12296184293593143,0.49322005311825445
Bunnelby,0.4059019559558916,0.3321116254540982,0.26198641916301535
Burmy,0.5370379023372652,0.2501169065926298,0.2128451878624222
Butterfree,0.40999199612205534,0.2927339827930111,0.2972740211467049
Buzzwole,0.4618121951223796,0.29948377702200885,0.23870402803315255
Cacnea,0.4376633782699334,0.2190516100426911,0.3432850111275911
Cacturne,0.4376633782699334,0.2190516100426911,0.3432850111275911
Calyrex,0.5627661102029274,0.2428321464694098,0.19440174115848516
Camerupt,0.4152838929607733,0.30492130464208567,0.27979480563462966
Capsakid,0.4400927738540552,0.349199519154023,0.21070770449428392
Carkol,0.43611954296628636,0.32733357063494617,0.2365468928031623
Carracosta,0.4388964403177733,0.28604361385552457,0.27505994452487514
Carvanha,0.5028992537305587,0.2665180412405687,0.23058270697861355
Castform,0.46358283914103193,0.2682563124349477,0.268160853057918
Caterpie,0.5156826895426404,0.2790158483438245,0.20530146401968483
Celebi,0.43567456061511217,0.31693276846596685,0.24739267443314655
Celesteela,0.4028470444510568,0.3850597309097999,0.21209322550457038
Centiskorch,0.2319728576611461,0.08622681662007896,0.6818003323328282
Ceruledge,0.40395457961194503,0.27422322163134405,0.3218222010163132
Cetitan,0.488195335958153,0.10766213457100089,0.40414255112409586
Cetoddle,0.3174284500380357,0.11279057306237515,0.5697809763252735
Chandelure,0.5137646941436549,0.2328065368504721,0.25342877142889014
Chansey,0.20671236193167009,0.04446078285681112,0.7488268533427465
Charcadet,0.5480663232505322,0.09209883289242328,0.35983484610915184
Charizard,0.36763598768287187,0.3094113611755467,0.3229526502892511
Charjabug,0.4513644357023106,0.19269167982211735,0.3559438860125688
Charmander,0.5055046700627396,0.31702752108226134,0.17746780685602537
Charmeleon,0.51582135141802,0.17000462996630783,0.3141740160797059
Chatot,0.4781480124796328,0.30190794056367853,0.21994404583574106
Cherrim,0.2721903115350136,0.14624242947383265,0.5815672562357118
Cherubi,0.40592741216235656,0.13313996767813455,0.46093262276770747
Chesnaught,0.26411571803277933,0.20808947448426018,0.5277947935372077
Chespin,0.39439867722591565,0.3390881482372811,0.26651317692143955
Chewtle,0.48520935297831586,0.2651966664861864,0.24959398236674452
Chi-Yu,0.4018867793492973,0.11570079161901954,0.4824124227743596
Chien-Pao,0.2896119367966259,0.07865511060226706,0.6317329542542046
Chikorita,0.32492150794497465,0.4187927144306709,0.25628578065522556
Chimchar,0.39459546632697073,0.1568496877694367,0.4485548457930305
Chimecho,0.4851129067037255,0.17959531690459696,0.33529178155586126
Chinchou,0.4130731353987799,0.1907130167043457,0.3962138455474015
Chingling,0.39583960758816256,0.2944548559424124,0.3097055393001555
Cinccino,0.4448250693598619,0.3137255783593998,0.24144935226067896
Cinderace,0.44554932642919953,0.3200737655551529,0.2343769111478693
Clamperl,0.5321006759795679,0.26716994200046107,0.20072938275726798
Clauncher,0.46677427212505235,0.24923792039170733,0.2839878082859154
Clawitzer,0.28430537747031226,0.12483730160421902,0.5908573216186204
Claydol,0.2177831663656105,0.10284646485517882,0.6793703682679123
Clefable,0.5748704945525298,0.12499105441742213,0.30013845716961296
Clefairy,0.32865450274613167,0.22147206353127125,0.44987344491398995
Cleffa,0.42521315927606546,0.2677683275696104,0.30701850383574586
Clobbopus,0.42209206960941315,0.15739651509946886,0.4205114154817342
Clodsire,0.31249034220772776,0.1381497033917363,0.5493599601893449
Cloyster,0.5504975486546755,0.3658126396393137,0.08368981303647156
Coalossal,0.49693478064854507,0.1897087265098476,0.3133564933387626
Cobalion,0.4318208739265344,0.24394913857992023,0.324229990463811
Cofagrigus,0.39946126510970636,0.15584658895859133,0.44469214845235994
Combee,0.38381810495363816,0.12296184293593143,0.49322005311825445
Combusken,0.2831367455301401,0.18067255725011064,0.5361906979840411
Comfey,0.37572584974446466,0.11791708387567526,0.5063570735177824
Conkeldurr,0.47930863946994656,0.20261671891810099,0.3180746350150842
Copperajah,0.5030137919443282,0.2718125374052966,0.22517367355246323
Corphish,0.5477587711110999,0.09933476309024315,0.35290646794718505
Corsola,0.3222511780202157,0.11263736816113472,0.5651114561228284
Corviknight,0.3909736930553873,0.3178418832204233,0.2911844238853798
Corvisquire,0.3689706573995355,0.11818988330847183,0.5128394571951326
Cosmoem,0.36383708050908925,0.3839434671981668,0.25221945588763256
Cosmog,0.40408964146394283,0.09065625406918111,0.5052541067963466
Cottonee,0.25003429505423724,0.16852642959830433,0.5814392722624523
Crabominable,0.28217891163741654,0.5447055717523293,0.17311551822910676
Crabrawler,0.3906694992564971,0.28747675212090706,0.3218537489380184
Cradily,0.5477111044093075,0.1551853695657486,0.29710352821593994
Cramorant,0.45376227837251987,0.32683197216277843,0.2194057492882405
Cranidos,0.29530127660566285,0.1596525630984065,0.5450461602596522
Crawdaunt,0.4507577637791313,0.3244849812735112,0.2247572542772391
Cresselia,0.4642246861776719,0.21662268335128645,0.31915263162559604
Croagunk,0.3458086890922416,0.26287616905312805,0.39131514109405025
Crobat,0.32710541031238705,0.1458723869555714,0.527022205716507
Crocalor,0.4001779646114117,0.39042355859360534,0.20939847906449374
Croconaw,0.30870345991366266,0.13471861166691634,0.5565779285194973
Crustle,0.3962849950604141,0.2667757336469367,0.3369392779376358
Cryogonal,0.4834239353264745,0.24189090274740005,0.2746851611182205
Cubchoo,0.33722903462855713,0.2065548048496408,0.456216161078571
Cubone,0.25086835127166773,0.12199222179009092,0.6271394317133734
Cufant,0.5270015512942336,0.2918244325416162,0.1811740212095901
Cursola,0.4658411079577691,0.28380619469245405,0.2503526965266196
Cutiefly,0.5369827043040086,0.26069480208242496,0.20232249280100298
Cyclizar,0.5753839739668116,0.22545365144643575,0.19916237790878288
Cyndaquil,0.4590489964337742,0.36285611525019434,0.17809488944154467
Dachsbun,0.3252483230815934,0.1524367396334474,0.5223149378545626
Darkrai,0.4281400681162874,0.41862212142829475,0.15323781607245712
Darmanitan,0.4134917353430722,0.3858740895330787,0.20063417587435967
Dartrix,0.3429197845155302,0.19275242827620495,0.4643277906859883
Darumaka,0.30010311049387345,0.20895912019555574,0.4909377703403818
Decidueye,0.5484648190046612,0.17145838093404703,0.28007679887263004
Dedenne,0.32046597730368376,0.17971045865366853,0.49982355690250796
Deerling,0.5663862155439953,0.24266701866872606,0.1909467643437286
Deino,0.45042470262820705,0.3237650171184599,0.22581028080351964
Delcatty,0.38411166334057345,0.1505198418459251,0.46536849364149996
Delibird,0.5769214868668381,0.2666738410808192,0.15640467415528894
Delphox,0.5019415839004421,0.25240486614801666,0.24565355075643425
Deoxys,0.19083589237008208,0.09580834077384605,0.7133557686669768
Dewgong,0.37232101149857044,0.17692635578569021,0.45075263027101753
Dewott,0.3906694992564971,0.28747675212090706,0.3218537489380184
Dewpider,0.37852653988751556,0.18765528334451625,0.43381817831621095
Dhelmise,0.48486759136652663,0.23074599807815888,0.28438641133141657
Dialga,0.5212684409702059,0.2709436049005888,0.2077879549320695
Diancie,0.4293422607628924,0.20333722858928316,0.3673205104930843
Diggersby,0.4059019559558916,0.3321116254540982,0.26198641916301535
Diglett,0.5129906691610813,0.1605132639408111,0.32649608775973316
Dipplin,0.44189463459018075,0.23046286081608208,0.32764250657298444
Ditto,0.5072918607944384,0.19047733176240514,0.30223081157283677
Dodrio,0.34654041226328663,0.15151968528237747,0.5019399053110423
Doduo,0.5768483536248673,0.1773734392929237,0.24577820752862808
Dolliv,0.033623207360506,0.0117232762277126,0.95465350151062
Dondozo,0.3578593034410115,0.2602963619794922,0.38184433196191536
Donphan,0.3501260231313852,0.21657406793388745,0.433299908287407
Dottler,0.5994974431565488,0.13247842617672212,0.2680241295869429
Doublade,0.5458774000838182,0.2848040058372029,0.1693185966671107
Dracovish,0.39803185017449383,0.32929902464958916,0.27266912736423027
Dracozolt,0.36904000861075104,0.2967201529919535,0.3342398446748811
Dragalge,0.5006854516618392,0.23827459419365313,0.26103995325622936
Dragapult,0.30517197271325025,0.20273849512119788,0.4920895340869321
Dragonair,0.45692641557090813,0.20315996465635378,0.3399136104207072
Dragonite,0.42316103935835586,0.23589835304469947,0.3409406092593779
Drakloak,0.2533206954229991,0.13744087019106266,0.609238433093856
Drampa,0.4943053957885476,0.24323057839043297,0.2624640298567505
Drapion,0.47349383948991697,0.30667046452872454,0.21983570328447966
Dratini,0.2476776834893306,0.11200173605279161,0.640320580729167
Drednaw,0.2556186493893619,0.10000305662436978,0.6443782979278528
Dreepy,0.4641484622561345,0.19291913272069783,0.3429324099502404
Drifblim,0.5273571233767013,0.18963151100171102,0.2830113698686556
Drifloon,0.46872869542529505,0.4460274034870728,0.08524389480871536
Drilbur,0.45755340655644733,0.14420447971982256,0.39824211744902027
Drizzile,0.2941177845059428,0.24670248655456814,0.4591797272878466
Drowzee,0.6306885643344786,0.12564365440565675,0.24366778224292723
Druddigon,0.2556232287767617,0.16105455620940223,0.5833222170634305
Dubwool,0.47487764866897264,0.34065209723149353,0.1844702516973484
Ducklett,0.37203579531724723,0.22669779778093177,0.40126640530169866
Dudunsparce,0.3826821312705364,0.37425632270120174,0.24306154750188266
Dugtrio,0.4948918514410046,0.24599216494367598,0.25911598284412596
Dunsparce,0.5483864367008209,0.17504832288250324,0.2765652538587649
Duosion,0.49484868091341805,0.14528801610004305,0.3598632977204019
Duraludon,0.48718626353092587,0.2715867372010082,0.24122699979269735
Durant,0.5611808572222691,0.25357773045359155,0.18524141222386073
Dusclops,0.4383795622431922,0.2560105318212789,0.30560990817393036
Dusknoir,0.519708666225726,0.24075893461196254,0.23953239986672992
Duskull,0.41882453557982763,0.36862288622045764,0.21255258188630394
Dwebble,0.5174115128421153,0.26518012508929056,0.2174083580433104
Eevee,0.2778515588389679,0.1367305135328027,0.5854179274763996
Eiscue,0.2773666485361215,0.44003781822402077,0.2825955320824531
Ekans,0.40555908013602787,0.3779477351010609,0.21649318572961726
Eldegoss,0.34823679843975697,0.17176582212778155,0.47999738810176495
Electabuzz,0.5094630714471203,0.18814664650621662,0.302390281244048
Electivire,0.4145161361711753,0.24413563325084958,0.3413482292467583
Electrike,0.47934444964831247,0.16305900901828985,0.35759654512693134
Electrode,0.46862206818723,0.31991570402957564,0.21146223050090746
Elekid,0.37723768888839654,0.1489777765383145,0.47378453294081346
Elgyem,0.5770226746797562,0.2173569824546575,0.20562034826725722
Emboar,0.32698127875725425,0.3669086320212845,0.3061100826175375
Emolga,0.32969760085488187,0.13208296957249138,0.5382194425750139
Empoleon,0.35721594910313076,0.24790824194436553,0.3948758106481038
Enamorus,0.4318289520140265,0.3315051133906198,0.236665934523209
Entei,0.3747018366897832,0.20903624370451687,0.41626191937447604
Escavalier,0.44650618538049774,0.2632735834593446,0.2902202301318721
Espathra,0.29594401660861364,0.1599238565292736,0.5441321268737078
Espeon,0.49686872281296096,0.266502633433708,0.2366286429353868
Espurr,0.4151026786411883,0.2957008575264853,0.289196461683414
Eternatus,0.5130236798945146,0.2493556077842815,0.23762071300536772
Excadrill,0.4940210593090325,0.19158852873493498,0.31439041118705974
Exeggcute,0.35454259236518404,0.10623065041986723,0.5392267540198667
Exeggutor,0.560621721048158,0.19252216993658516,0.24685611855833767
Exploud,0.354759684960807,0.09642550733018682,0.5488148087233558
Falinks,0.38734059066322823,0.21906341708467136,0.3935959932283609
Farfetch'd,0.49679545329085417,0.1604166059488696,0.34278794143881114
Farigiraf,0.6653072706841189,0.21157957248164916,0.12311315279582447
Fearow,0.5790865249362402,0.13917104107414616,0.281742437151526
Feebas,0.4465622611067198,0.24348177876209254,0.30995596114172885
Fennekin,0.5604100175575333,0.25387972613829607,0.18571025757961573
Feraligatr,0.2696343377232552,0.46069460175931454,0.2696710448712111
Ferroseed,0.3328988582400511,0.35895696800142296,0.3081441724857617
Ferrothorn,0.3328988582400511,0.35895696800142296,0.3081441724857617
Fezandipiti,0.5240540575856963,0.2847364656403302,0.19120947290391013
Fidough,0.48624235817364286,0.4300180157380445,0.08373962981360294
Finizen,0.31894615927521025,0.534541181481276,0.1465126589501333
Finneon,0.45060804947458494,0.26746791826287963,0.28192403253454423
Flaaffy,0.20674410546198485,0.07555998203876822,0.7176959147765523
Flabébé,0.19556130515411493,0.029966228076123733,0.7744724761162486
Flamigo,0.4702995464050982,0.30551612646683757,0.22418432473550473
Flapple,0.4859705285054517,0.2733692429112354,0.2406602268772865
Flareon,0.27399242685974706,0.42471286707690786,0.301294712865326
Fletchinder,0.5454862063340041,0.25678257303818136,0.1977312189867339
Fletchling,0.4573016872398368,0.1874232274377986,0.355275089012479
Flittle,0.30459395155595476,0.5495033271782092,0.14590271952336153
Floatzel,0.49816362614390153,0.29679594761151873,0.20504042367541392
Floette,0.17382463116786978,0.03816309224471054,0.78801228282483
Floragato,0.19205237786612797,0.09575030147853127,0.7121973296476377
Florges,0.6712410817543666,0.19864881771306195,0.13011009916663166
Flutter Mane,0.46852881137158847,0.197453237926219,0.3340179477060971
Flygon,0.5166395313209957,0.2821312718196875,0.20122919392737523
Fomantis,0.2792612569329818,0.08817621184628184,0.6325625270105821
Foongus,0.4628238791337935,0.3362798782181926,0.2008962506733951
Forretress,0.21401782368442837,0.06742129805497821,0.7185608744089093
Fraxure,0.5993872395514762,0.219936890533803,0.18067587463950077
Frigibax,0.458920241345259,0.2830388603633878,0.25804090131888363
Frillish,0.4418495663969467,0.2112044820360218,0.3469459571720411
Froakie,0.27404539246215587,0.14384750208895028,0.5821071078121248
Frogadier,0.49159721273289464,0.27996756954278457,0.228435219077866
Froslass,0.506373277132951,0.2892821285087,0.20434460251872397
Frosmoth,0.1768443712782932,0.12594655670918428,0.6972090697324858
Fuecoco,0.34907030701787783,0.3716377658073348,0.2792919369536743
Furfrou,0.47393891285468315,0.26968037303834796,0.25638071531311996
Furret,0.6990961041301489,0.19198100327048448,0.10892289131879802
Gabite,0.47178911415924785,0.1966082034956189,0.3316026825878524
Gallade,0.46207420994487536,0.2771266078549709,0.26079918336096486
Galvantula,0.2843466296551688,0.20302777986545414,0.5126255911046399
Garbodor,0.4362963929542421,0.3504420258096178,0.21326157797449896
Garchomp,0.3801488814763842,0.18018038438160075,0.43967073459519007
Gardevoir,0.34646202195607173,0.2369204615428472,0.41661751798519786
Garganacl,0.26761807987673414,0.12500650461186608,0.6073754185751553
Gastly,0.40095687023821774,0.15494108848496715,0.4441020455432393
Gastrodon,0.2378353532860798,0.15595809027889704,0.6062065610330711
Genesect,0.49099484090812695,0.21667977553219173,0.2923253884252447
Gengar,0.4467771057316179,0.40867438696174135,0.14454850902909344
Geodude,0.6703980518880006,0.14199670525246882,0.18760524150942526
Gholdengo,0.4906799047394836,0.2720660622116173,0.2372540364904077
Gible,0.4766197746630287,0.23657465602261887,0.28680556962178244
Gigalith,0.418628002239746,0.13283096243523884,0.44854103713592014
Gimmighoul,0.46651169051226365,0.2931957458952041,0.24029256181827297
Girafarig,0.3087417269265629,0.1798470967407233,0.5114111793209988
Giratina,0.6281291504105753,0.21926384491938325,0.1526070026727008
Glaceon,0.36120181905359705,0.2656549619912931,0.37314321055204014
Glalie,0.5364262418502304,0.19988737809975704,0.26368637237033404
Glameow,0.4503470534602037,0.22072315217556954,0.3289297904478959
Glastrier,0.443937771824923,0.3150768935873468,0.240985335833658
Gligar,0.431875176427443,0.253148573132972,0.3149762516598602
Glimmet,0.36346323022861843,0.20742674746915046,0.42911002744475135
Glimmora,0.3026732109228979,0.1186043804966803,0.5787224053268706
Gliscor,0.461583699491762,0.30688937873646077,0.23152692296586574
Gloom,0.5904496088582237,0.1335769870658843,0.2759734029451493
Gogoat,0.23830066155642265,0.2810682198032736,0.4806311206193641
Golbat,0.36664138600501595,0.2362906505956641,0.39706796278794665
Goldeen,0.32940306849777695,0.2548301431938613,0.4157667789951359
Golduck,0.5772036328322229,0.15757674670462074,0.26521962357326107
Golem,0.4499726253180432,0.26269013766806615,0.2873372385409056
Golett,0.4568551446116248,0.07273986650009946,0.4704049918324102
Golisopod,0.4063957717819476,0.2521224041772355,0.3414818194992167
Golurk,0.5270257842540741,0.3317809465527535,0.1411932777613401
Goodra,0.47615445632214,0.29185339334824645,0.23199215296239073
Goomy,0.38351936729270075,0.21342108114289915,0.40305955174364266
Gorebyss,0.4907673365383778,0.32246468480641266,0.18676798266458244
Gossifleur,0.433728662176201,0.3318163479785793,0.23445497866934878
Gothita,0.42209206960941315,0.15739651509946886,0.4205114154817342
Gothitelle,0.7765924811363221,0.0736753049306571,0.14973223023116586
Gothorita,0.3623860622724731,0.19784918183493153,0.4397647579716026
Gouging Fire,0.27615395321377684,0.13782637339040987,0.5860196686394158
Gourgeist,0.16841577585129172,0.09664835340535155,0.7349358730511192
Grafaiai,0.46047981438523794,0.3324253701830057,0.2070948139528979
Granbull,0.41295087947670756,0.16448238535293702,0.42256673421202734
Grapploct,0.4214334948496385,0.37489040674303065,0.20367611284283071
Graveler,0.5099983352531021,0.2771620942077364,0.21283956927309824
Great Tusk,0.4874292282154412,0.22230519730474443,0.29026557560014926
Greavard,0.4467988021937864,0.217877136826116,0.3353240523487329
Greedent,0.6159274544980791,0.2957595768384635,0.08831297518271534
Greninja,0.42223040307042736,0.37124750137246176,0.20652209871372026
Grimer,0.5241406816002204,0.17138686231096306,0.30447245405178025
Grimmsnarl,0.20698581353450812,0.17684470871463415,0.6161694745429688
Grookey,0.5154741553375485,0.200303886704154,0.2842219586955673
Grotle,0.4753003935218744,0.14668222470763356,0.37801737936457525
Groudon,0.30194971786128494,0.12028161679979324,0.5777686713143066
Grovyle,0.30713336621583615,0.20941808589527172,0.48344853630772344
Growlithe,0.30226222907291034,0.054796871484110186,0.6429408998963865
Grubbin,0.45154263338689166,0.22662882197494513,0.3218285436742007
Grumpig,0.45424560820062954,0.28419177566189313,0.26156262587755913
Gulpin,0.3642812289384215,0.2392886351566588,0.39643013376071184
Gumshoos,0.5124535184542213,0.21921154209176852,0.2683349414551748
Gurdurr,0.38723686612095987,0.13052530018917144,0.482237832038252
Guzzlord,0.45498724051860356,0.3003151047768122,0.24469765656026182
Hakamo-o,0.29431210746661873,0.12309433934850646,0.5825935544348076
Happiny,0.48757059895433486,0.301182765905105,0.21124663579103067
Hariyama,0.4194455877443926,0.2859739173342537,0.2945804981578442
Hatenna,0.34753660372940887,0.2027363795001643,0.4497270124504365
Hatterene,0.4854342448571236,0.22970544997289183,0.28486031271738577
Hattrem,0.34753660372940887,0.2027363795001643,0.4497270124504365
Haunter,0.3433959884448808,0.17307659205346596,0.4835274211817504
Hawlucha,0.3514738603126864,0.2766971174508419,0.3718290312988178
Haxorus,0.40634590927511455,0.170553806819953,0.4231002732180059
Heatmor,0.5119961244719369,0.32652352803519785,0.16148035707218303
Heatran,0.44921141787647056,0.31484311798256104,0.2359454635163554
Heliolisk,0.35567511930471146,0.12653670730296426,0.5177881807293289
Helioptile,0.4133848292533966,0.1438440097495913,0.4427711619447698
Heracross,0.37870254307985307,0.2380401375237852,0.38325731627643106
Herdier,0.3146705485173854,0.2537137708819375,0.4316156621829702
Hippopotas,0.4344373878557235,0.21996604878222567,0.34559656493365765
Hippowdon,0.36182060525200127,0.22542713891509603,0.4127522541951956
Hitmonchan,0.5835483524235432,0.16785151174736287,0.2486001362012463
Hitmonlee,0.546897786311669,0.13088530319084113,0.3222169090380392
Hitmontop,0.3909038975366584,0.20313793803596417,0.4059581678261845
Ho-oh,0.3094543584622443,0.14680051957727983,0.5437451229922557
Honchkrow,0.5139824513878141,0.17175649392551606,0.31426105375534724
Honedge,0.5742404828051804,0.2012884162686532,0.22447109773929694
Hoopa,0.5429532421494965,0.22355906047073212,0.23348769382188816
Hoothoot,0.18124994908357964,0.07321459878792197,0.7455354520556698
Hoppip,0.3501260231313852,0.21657406793388745,0.433299908287407
Horsea,0.5813748586697108,0.1876536143971889,0.23097152855585917
Houndoom,0.37147959302069605,0.26072438945849163,0.3677960220429329
Houndour,0.48609408568639384,0.22795439676186405,0.28595152043271804
Houndstone,0.3252483230815934,0.1524367396334474,0.5223149378545626
Huntail,0.22381350844512343,0.08412836212176382,0.6920581273343804
Hydrapple,0.38851493254053193,0.21075183403445405,0.4007332352204965
Hydreigon,0.5302600950432511,0.1694772186975639,0.30026268759885655
Hypno,0.6196828619050224,0.21080225616655565,0.16951487954006406
Igglybuff,0.3430485995976548,0.25242293271922356,0.40452844718177067
Impidimp,0.40356243157088384,0.28211859096092656,0.31431898134068514
Incineroar,0.2905369304815018,0.20680772514681625,0.5026553474579424
Indeedee,0.45906742398991535,0.2320172322620435,0.3089153457675939
Infernape,0.4145161361711753,0.24413563325084958,0.3413482292467583
Inkay,0.5556507492086517,0.23264966298219797,0.21169958925665405
Inteleon,0.39074970088899136,0.4334674808631341,0.17578282207871473
Iron Boulder,0.6250783009454608,0.03515875461744139,0.3397629507817328
Iron Bundle,0.46592908086962564,0.29848947815302057,0.23558144101712408
Iron Crown,0.5090840544413637,0.2627840211347642,0.22813192596314127
Iron Hands,0.48165463728099306,0.34162230972978697,0.17672306568585802
Iron Jugulis,0.46592908086962564,0.29848947815302057,0.23558144101712408
Iron Leaves,0.4753743593745221,0.2960398637490172,0.2285857752187449
Iron Moth,0.5603572195095401,0.20830618690383887,0.23133660028237968
Iron Thorns,0.4789677062097587,0.2518569320062103,0.26917535906853096
Iron Treads,0.4874292282154412,0.22230519730474443,0.29026557560014926
Iron Valiant,0.46592908086962564,0.29848947815302057,0.23558144101712408
Ivysaur,0.5522564089820756,0.23365617350844492,0.2140874165962994
Jangmo-o,0.453122986282268,0.24097704034014533,0.3058999748875664
Jellicent,0.5426656275932842,0.2398049211102154,0.2175294566159958
Jigglypuff,0.43901300859641157,0.34503305046711275,0.2159539424170628
Jirachi,0.34814199871487084,0.12547647332151726,0.5263815175017549
Jolteon,0.31344870366438315,0.2542250802186207,0.43232621771976454
Joltik,0.49105678651610324,0.27776671491547256,0.2311764989706591
Jumpluff,0.22305619870742638,0.0815329744646991,0.6954108292244404
Jynx,0.5161226743705363,0.34145473107917595,0.14242259923501321
Kabuto,0.5541247939116564,0.1588920050204243,0.28698320084124274
Kabutops,0.5832722963411018,0.23837084387446195,0.17835686207274715
Kadabra,0.39115752142786914,0.23329998815389189,0.37554249169435017
Kakuna,0.3801673315759552,0.24124209872495966,0.37859056880207437
Kangaskhan,0.5085235598364046,0.19845099131066704,0.29302544954365917
Karrablast,0.5296534477864336,0.25439085892085983,0.21595569453108426
Kartana,0.526952593031471,0.1292006994935279,0.34384670669422607
Kecleon,0.40187323647033835,0.21539181261970142,0.3827349493124832
Keldeo,0.438923049760702,0.3447625420712841,0.21631440830226703
Kilowattrel,0.38903320165506255,0.12587194232037285,0.48509485359924537
Kingambit,0.4501640757829961,0.19233508021465504,0.35750084640563456
Kingdra,0.32746449587020005,0.21341276664117517,0.4591227423357354
Kingler,0.4747019390389323,0.3310299333823301,0.19426812672133864
Kirlia,0.34646202195607173,0.2369204615428472,0.41661751798519786
Klang,0.5939663901782563,0.20989883052446878,0.19613478012999766
Klawf,0.41048542783794545,0.15783950341390712,0.43167506742915046
Kleavor,0.5073814127304038,0.2720835882424633,0.22053499856045924
Klefki,0.2840426121429916,0.10305524748553958,0.612902143627013
Klink,0.5385080791645528,0.23848022124730045,0.2230117005143279
Klinklang,0.2742516004480421,0.20101800606741257,0.5247303922660649
Koffing,0.29474000604330003,0.3493080775114211,0.35595191557125716
Komala,0.5620152035982094,0.26563708489146926,0.17234770741779354
Kommo-o,0.4991088561826959,0.23643908751395065,0.26445205775892006
Koraidon,0.5487908941633519,0.16163328041194844,0.28957582175010627
Krabby,0.597768378016111,0.13733652702465582,0.2648950939796663
Kricketot,0.37545902437220013,0.15441123186610636,0.47012974338181185
Kricketune,0.32998807110990847,0.2619936819507692,0.40801824902435047
Krokorok,0.3328988582400511,0.35895696800142296,0.3081441724857617
Krookodile,0.4847943089835878,0.32374811237179,0.19145757845669448
Kubfu,0.3803752882051326,0.3093991872710397,0.31022552680224175
Kyogre,0.28111639091445834,0.19927549926163576,0.519608113692755
Kyurem,0.5950253612861254,0.2496506363048852,0.15532400268062516
Lairon,0.41263714588199885,0.12935455935667817,0.4580082966298875
Lampent,0.3479111035935637,0.18948016949199292,0.46260873001082836
Landorus,0.49550802516030895,0.22959015046764814,0.2749018254353828
Lanturn,0.3843936128779107,0.13353563201833205,0.48207075577703823
Lapras,0.4406404344090553,0.2585724266729619,0.3007871438681647
Larvesta,0.45778268970963026,0.13927052578785348,0.402946779359546
Larvitar,0.4852337846377244,0.1768169329676311,0.33794928219091763
Latias,0.5276467997685139,0.20760752900969234,0.2647456719022212
Latios,0.5469317306605183,0.23521949527447392,0.2178487716474295
Leafeon,0.39346384665480366,0.06474984998435329,0.5417862964104171
Leavanny,0.4486640929753481,0.3437462654676447,0.20758963846658102
Lechonk,0.49416049041402793,0.25506675505831866,0.25077275422518136
Ledian,0.46634286794316615,0.3313341422059755,0.20232299324021952
Ledyba,0.36105669952101177,0.4424433232699003,0.19649997767474914
Lickilicky,0.6017110861537841,0.21811394829728054,0.1801749685054157
Lickitung,0.4436107891378924,0.1371656545088626,0.41922356507607866
Liepard,0.3766483918016592,0.1549426652772536,0.4684089441415291
Lileep,0.5205168686339825,0.250714195678578,0.2287689345191136
Lilligant,0.12679100011495478,0.06846202599728918,0.804746975338341
Lillipup,0.22551731428260108,0.09252714815615272,0.6819555382356159
Linoone,0.4690514462227797,0.2673236852366683,0.2636248652411428
Litleo,0.5307587456697499,0.21063363991361392,0.25860761802551113
Litten,0.46679746289169644,0.2452133883650195,0.2879891523152468
Litwick,0.41291297693031576,0.12641290563737373,0.4606741210038873
Lokix,0.44897880937371937,0.06376977577539424,0.48725140733378275
Lombre,0.33222539879300417,0.12294480139592721,0.5448297991481177
Lopunny,0.46467204595257233,0.15109394392475664,0.3842340192484965
Lotad,0.27978368496136646,0.11023716871228705,0.6099791463325005
Loudred,0.45214467928985336,0.39203372242217754,0.15582159860715478
Lucario,0.5746894186407029,0.24696550106161144,0.1783450781630639
Ludicolo,0.33222539879300417,0.12294480139592721,0.5448297991481177
Lugia,0.5284532395410625,0.22042944496292072,0.251117319217883
Lumineon,0.45060804947458494,0.26746791826287963,0.28192403253454423
Lunala,0.6235300886473851,0.19503746056034285,0.18143245391547677
Lunatone,0.45331911755826815,0.3130442201717605,0.23363666430245647
Lurantis,0.2792612569329818,0.08817621184628184,0.6325625270105821
Luvdisc,0.41886433612608864,0.10914594108463267,0.47198973839311936
Luxio,0.47861174353844643,0.2740095886098667,0.24737866714834425
Luxray,0.40909717407425633,0.3603858963533081,0.23051692977794755
Lycanroc,0.5161675648417455,0.25207209826479826,0.2317603391468824
Mabosstiff,0.4774578388253276,0.4041045024900025,0.11843765831197334
Machamp,0.5323599313413447,0.2988917368341993,0.16874833337704437
Machoke,0.46373318418584486,0.31139208752817166,0.22487472570328798
Machop,0.36065158287861515,0.1332841884275269,0.506064225701833
Magby,0.4092364640492532,0.32222612946449464,0.2685374024013678
Magcargo,0.40315957278521225,0.10197504641572856,0.49486537582494994
Magearna,0.5230173570188609,0.37466577338901436,0.10231686425818633
Magikarp,0.36535523253881486,0.15935958315234944,0.47528518430417055
Magmar,0.42738403915645223,0.18977121579913403,0.3828447394325424
Magmortar,0.2946903251988046,0.15317858509975024,0.5521310892175225
Magnemite,0.38242560287978017,0.07133223267737772,0.5462421717770074
Magneton,0.2432080897599903,0.1342587457003711,0.6225331552020872
Magnezone,0.2933227018014911,0.04182432060513422,0.6648529753746355
Makuhita,0.2558734861715715,0.13272677174275166,0.6113997347728939
Malamar,0.44834249530620957,0.36316569166630924,0.18849181107993357
Mamoswine,0.41352802442593706,0.405185517635093,0.18128645491087805
Manaphy,0.516915214270176,0.19565346973138814,0.28743131712101216
Manectric,0.3883291648472754,0.33771172955356615,0.27395910230389203
Mankey,0.5348875998846583,0.19271391944305313,0.27239848494882113
Mantine,0.4077353895843309,0.43161732996930735,0.16064727802828044
Mantyke,0.4254831621227296,0.2140265620706511,0.36049027593430055
Maractus,0.34537333538397574,0.16211259349858242,0.4925140833052305
Mareanie,0.5994974431565488,0.13247842617672212,0.2680241295869429
Mareep,0.3466413619308262,0.1879406751154594,0.4654179610286025
Marill,0.5442186037741475,0.18665023996510494,0.26913115792607856
Marowak,0.482237894869834,0.33958208152286223,0.17818002926920645
Marshadow,0.46438953815362394,0.2578944985587627,0.27771596591442055
Marshtomp,0.5477587711110999,0.09933476309024315,0.35290646794718505
Maschiff,0.44050067306185764,0.011893103364855016,0.5476062179853519
Masquerain,0.32278384066997995,0.26097006384052973,0.4162460944955788
Maushold,0.5619899549593146,0.17264509877601922,0.2653649615195508
Mawile,0.3442449157428779,0.19732248648307074,0.458432595981107
Medicham,0.3570535101999457,0.11888789215411702,0.5240585916301507
Meditite,0.2449454690019289,0.0848802336223536,0.670174284019705
Meganium,0.37593222478313193,0.2947165235047991,0.3293512502519139
Melmetal,0.481333325351118,0.2741010643352275,0.24456561005252953
Meloetta,0.3390028937296434,0.30843278595817863,0.35256431623235
Meltan,0.5315434617642947,0.2262801414491849,0.24217639570472896
Meowscarada,0.31732389197881833,0.2205198175159659,0.4621562940435699
Meowstic,0.47893455044055977,0.2584629545221105,0.26260249655590284
Meowth,0.6058827485397177,0.21732870322863024,0.17678855015140657
Mesprit,0.5783525492096769,0.22513854709164846,0.19650890829105827
Metagross,0.5003202821286062,0.28064750351560563,0.2190322129099513
Metang,0.5592143908319405,0.2294758626395356,0.21130974628763827
Metapod,0.2796359857222831,0.09581506858357618,0.6245489460250675
Mew,0.5600515976048156,0.21327299017837306,0.2266754132457977
Mewtwo,0.4676051846585884,0.2164993894933155,0.3158954259093435
Mienfoo,0.40420494325459005,0.2839608483695025,0.3118342110527945
Mienshao,0.6952008008956909,0.0905569866299629,0.2142421603202819
Mightyena,0.3724783600993314,0.19974450300500357,0.4277771399092843
Milcery,0.4491522624847238,0.3825765633696897,0.16827117308491354
Milotic,0.415795830157555,0.16718995251564997,0.41701421598459476
Miltank,0.3924146921978005,0.3119530207194337,0.2956322872652546
Mime Jr.,0.6355399034428791,0.18258116378059577,0.1818789299043109
Mimikyu,0.38331703196823846,0.29719401759702413,0.31948895137652417
Minccino,0.4568551446116248,0.07273986650009946,0.4704049918324102
Minior,0.4076401872539913,0.15195981646852133,0.44040000033411353
Minun,0.5514877893301028,0.24662821347855268,0.20188399711323357
Miraidon,0.5184963828840747,0.2530476081287921,0.22845601097485696
Misdreavus,0.46852881137158847,0.197453237926219,0.3340179477060971
Mismagius,0.46666355182727176,0.15851244051009414,0.3748240148027738
Moltres,0.5748920239709707,0.14878674012560172,0.27632123472884906
Monferno,0.4656293903966999,0.17916358102369057,0.355207030511539
Morelull,0.16309087957929946,0.08283848617354339,0.7540706298474608
Morgrem,0.40209018215716746,0.3551337794273481,0.24277604020551036
Morpeko,0.4499274989252216,0.3207784563407996,0.22929404923034938
Mothim,0.3536492895047344,0.15519963056602348,0.49115108145291314
Mr. Mime,0.4705172395918772,0.291472019867835,0.2380107459124587
Mr. Rime,0.6144699667231179,0.2001778559410013,0.1853521824232302
Mudbray,0.5121379534029984,0.32806605819587276,0.15979598502053702
Mudkip,0.5388781843262155,0.2928041196132857,0.16831769613173803
Mudsdale,0.5173979081552137,0.31080165557619743,0.17180044816411802
Muk,0.3688307350501418,0.24409591899020594,0.3870733491455515
Munchlax,0.5018686353746388,0.2249014738826426,0.2732298999645367
Munkidori,0.3062823213575805,0.4967387133568037,0.19697897390416652
Munna,0.3140475735406154,0.15169270978395952,0.5342597161218816
Murkrow,0.5408578932649081,0.24681631283485958,0.21232579248598615
Musharna,0.4950429353674379,0.316587526576676,0.1883695369492037
Nacli,0.21569078883954454,0.2412401538209191,0.5430690649763814
Naclstack,0.6041422064319767,0.09766428388023594,0.29819351402593064
Naganadel,0.2844893371399778,0.18143259081989524,0.5340780722640025
Natu,0.3877654146062027,0.09644235517095089,0.5157922291669103
Necrozma,0.5564218941526334,0.2815313548055767,0.16204675694652754
Nickit,0.33617780279615017,0.12775514087168474,0.5360670569969948
Nidoking,0.4461657725022001,0.20514223977560334,0.3486919847190759
Nidoqueen,0.5279317688541831,0.2888237040990066,0.18324452466503888
Nidoran♀,0.64146947534531,0.2250277646436678,0.13350276175893103
Nidoran♂,0.64146947534531,0.2250277646436678,0.13350276175893103
Nidorina,0.4944320796510658,0.19411432466570386,0.31145359773339854
Nidorino,0.30098086238211513,0.10701868433875922,0.5920004521767438
Nihilego,0.5709696962277617,0.14767118717648925,0.2813591169077794
Nincada,0.386291338692315,0.2931912304330886,0.320517433753459
Ninetales,0.3618581457994878,0.3183668972342275,0.3197749638638925
Ninjask,0.5470971149170465,0.26858743820545383,0.1843154476966974
Noctowl,0.338945597410202,0.11621015580991899,0.5448442200819651
Noibat,0.164479234876732,0.04461821812825894,0.7909025239447752
Noivern,0.40420494325459005,0.2839608483695025,0.3118342110527945
Nosepass,0.5096008785736353,0.3460475701812585,0.14435155622855342
Numel,0.28160561250238597,0.06996135572287233,0.6484330362971809
Nuzleaf,0.3126953995032679,0.09508039895999462,0.5922242007957447
Nymble,0.2324333071962676,0.16604394120672203,0.601522746919231
Obstagoon,0.510559895527408,0.13717203108579706,0.3522680747449737
Octillery,0.3478421166511182,0.1716978446794043,0.4804600403308028
Oddish,0.42516076610948256,0.15822282841014287,0.4166164063079909
Ogerpon,0.36747478325389793,0.2730235124409601,0.3595017057356869
Oinkologne,0.6558395624160767,0.10775703694671387,0.23640336692333216
Okidogi,0.3044137913194076,0.44216411328160804,0.2534220908881626
Omanyte,0.6254124347243528,0.13890590598710087,0.2356816574430339
Omastar,0.5332613082162545,0.14140168794783872,0.325337002271336
Onix,0.44667619113443474,0.30877868648526735,0.24454512181056828
Oranguru,0.6123715819051815,0.2193031798900356,0.16832523798895258
Orbeetle,0.3577652528244806,0.29330180083573054,0.3489329434171515
Oricorio,0.36554043949581677,0.09748975505322416,0.536969806394867
Orthworm,0.5388424151495799,0.3357148007927275,0.1254427808949461
Oshawott,0.2973019145081861,0.2388351566781747,0.4638629251838488
Overqwil,0.6359519171823815,0.244152788386294,0.11989528905691167
Pachirisu,0.5013632393037117,0.2558073165818449,0.2428294461928902
Palafin,0.4345167987793684,0.2580485981330275,0.30743460234254594
Palkia,0.47261838314847815,0.2404559434615765,0.28692567562339477
Palossand,0.4951549198616434,0.2740546658729996,0.2307904164858714
Palpitoad,0.2948934114988773,0.11445198998215696,0.5906546024545547
Pancham,0.5171039736970424,0.30304910365337145,0.17984691892192395
Pangoro,0.4734362812543457,0.24729110571471125,0.27927262217483734
Panpour,0.48429969862397565,0.15932550567422843,0.3563747920193954
Pansage,0.48429969862397565,0.15932550567422843,0.3563747920193954
Pansear,0.4079038017675938,0.3279849115012706,0.2641112928936148
Paras,0.4014224487806806,0.3900562907174083,0.20852126207024776
Parasect,0.5416986482617047,0.28119873855362776,0.17710261369190575
Passimian,0.5366791674494743,0.28637048854306335,0.17695034386217592
Patrat,0.45748020736482947,0.2823385906426069,0.26018120306923953
Pawmi,0.1912462195664968,0.03149486690982361,0.7772589219815057
Pawmo,0.34713922546522574,0.2735585266008398,0.37930224787324984
Pawmot,0.47164101966781846,0.2929085541259386,0.2354504253951582
Pawniard,0.5231001164816855,0.3374241825495063,0.13947570300447418
Pecharunt,0.438923049760702,0.3447625420712841,0.21631440830226703
Pelipper,0.22549088300718353,0.1278756412861565,0.6466334760838817
Perrserker,0.4907893398299864,0.32213887813899966,0.18707178073534708
Persian,0.503831357823326,0.17446450638166122,0.32170413977321266
Petilil,0.3175771448570171,0.17263767226252186,0.5097851822618135
Phanpy,0.41496239532799134,0.13443242810631054,0.4506051763149097
Phantump,0.2925658511127569,0.10951027051616409,0.5979238816690219
Pheromosa,0.39743917750432184,0.1773185725136341,0.425242257951415
Phione,0.485483190761551,0.2877795667870873,0.22673724528003308
Pichu,0.46336126779003634,0.23132932651872354,0.3053094084523078
Pidgeot,0.6616051682790479,0.12708757128190862,0.211307258442982
Pidgeotto,0.6019221365266175,0.25221303790031097,0.14586482698934367
Pidgey,0.42550564138632946,0.23329149225899495,0.3412028692953828
Pidove,0.2192933726247348,0.10357062782956439,0.6771360015781183
Pignite,0.4772718096861527,0.3206510075379432,0.20207718400050026
Pikachu,0.47687310204887506,0.29209186456819675,0.2310350327186533
Pikipek,0.4831334699559154,0.1667308927166086,0.35013563536371445
Piloswine,0.5032525102631384,0.28192774803346377,0.21481974328234163
Pincurchin,0.5095564168335381,0.2609401679444081,0.22950341626753104
Pineco,0.46509352700381146,0.2106647367668812,0.3242417366484632
Pinsir,0.38823780967448257,0.1427550067898457,0.46900718397094593
Piplup,0.36851585567321465,0.18094039039443366,0.4505437572851129
Plusle,0.5514877893301028,0.24662821347855268,0.20188399711323357
Poipole,0.2844893371399778,0.18143259081989524,0.5340780722640025
Politoed,0.32849443500944925,0.15121353519976188,0.5202920220013875
Poliwag,0.424458992833546,0.2317741825353614,0.34376682744671894
Poliwhirl,0.428439829679092,0.2630448498245214,0.30851531746721234
Poliwrath,0.3848902800908455,0.3866988225010361,0.2284108998356561
Poltchageist,0.6084349628215955,0.2748853273712742,0.11667971065509371
Polteageist,0.4080942400150757,0.1797841196007473,0.4121216392866673
Ponyta,0.4968927057623465,0.2297377145603896,0.27336957931113315
Poochyena,0.37974569892138244,0.2467550443820655,0.3734992615394294
Popplio,0.47190380421036865,0.24826170238856854,0.27983449313691566
Porygon,0.2963824726468482,0.17240535206969404,0.5312121732789554
Porygon-Z,0.4861108358130988,0.11248368124731559,0.40140548719826974
Porygon2,0.4383795622431922,0.2560105318212789,0.30560990817393036
Primarina,0.39862380158921623,0.3241595956257684,0.27721660192226605
Primeape,0.5638202606196456,0.16518315659826932,0.2709965835199444
Prinplup,0.32732780057152633,0.16041464271563052,0.5122575560306901
Probopass,0.4520586708791016,0.2782768429228171,0.26966449422473754
Psyduck,0.28427128356064335,0.13077712873159464,0.5849515851718848
Pumpkaboo,0.32132055333494086,0.14507490471912035,0.533604541818191
Pupitar,0.5145459628277799,0.15473614447386705,0.3307178913411207
Purrloin,0.4380031589950834,0.3154578765588147,0.24653897312735867
Purugly,0.4503289511161191,0.3664193151718272,0.183251730678603
Pyroar,0.4990093690363595,0.1586162593626981,0.3423743656000299
Pyukumuku,0.41462530627508054,0.09902981484562833,0.48634488829834893
Quagsire,0.40581810829185305,0.36334673621292624,0.23083516092793568
Quaquaval,0.3031630779191611,0.48824590177232624,0.20859101866929716
Quaxly,0.43235309826669055,0.2692085739815661,0.2984383293629988
Quaxwell,0.36383708050908925,0.3839434671981668,0.25221945588763256
Quilava,0.29745177465499695,0.08391141849265334,0.6186368111042289
Quilladin,0.26467870684679257,0.2570027571785348,0.47831853885118936
Raboot,0.3230539210182562,0.37082902258192274,0.30611705615390994
Rabsca,0.5289523433406599,0.22119301471447697,0.2498546394026773
Raging Bolt,0.28386377027258275,0.42514612634976706,0.29099010438285766
Raichu,0.39747428941448126,0.1602285345177258,0.44229717708511596
Raikou,0.28404190717067695,0.1538804304377586,0.5620776676963541
Ralts,0.3161903006482151,0.13162536876737707,0.5521843339185835
Rampardos,0.4672353908419609,0.40799615914002063,0.12476844717748459
Rapidash,0.5493472638857348,0.2641294398995418,0.1865232923827732
Raticate,0.4025952826910576,0.309211599815362,0.2881931175126648
Rattata,0.5601476199245539,0.20441640114991877,0.23543597947897724
Rayquaza,0.6147573727553022,0.2539702486948505,0.13127237669358102
Regice,0.38268795309156395,0.12898573419037,0.4883263129639723
Regidrago,0.5091177152775942,0.2647480983829304,0.2261341853029005
Regieleki,0.5762780317320273,0.17979416478540683,0.24392780080501336
Regigigas,0.46861835055504786,0.3509622269328872,0.1804194258046195
Regirock,0.3877654146062027,0.09644235517095089,0.5157922291669103
Registeel,0.5080622373258367,0.20248797484878997,0.28944978974622615
Relicanth,0.507569635824407,0.3527084775604956,0.13972188763561383
Rellor,0.5289523433406599,0.22119301471447697,0.2498546394026773
Remoraid,0.43386427321467746,0.2523101509829178,0.3138255764153489
Reshiram,0.6080817839751641,0.14972123534729082,0.24219699514408904
Reuniclus,0.47376540718186233,0.2511842590329858,0.2750503312485913
Revavroom,0.5449362209825604,0.31393723234499765,0.1411265482746616
Rhydon,0.5650988396442269,0.2687268014722474,0.16617436331598465
Rhyhorn,0.536096953038337,0.1834631149648284,0.28043992983282734
Rhyperior,0.7140505236641663,0.17090543053430932,0.11504404811279435
Ribombee,0.4777324441820383,0.18450501328334207,0.3377625471912324
Rillaboom,0.4185243817633365,0.3149438453010979,0.2665317717427254
Riolu,0.41563121295449407,0.2821599245918068,0.3022088644419317
Roaring Moon,0.39244378042510814,0.32808290193616235,0.2794733183743018
Rockruff,0.5360159019085889,0.19231530659534551,0.2716687896237191
Rolycoly,0.26277151361769324,0.2627405997890126,0.4744878891054715
Rookidee,0.6166688510030508,0.17443541626445946,0.20889572516083713
Roserade,0.2426392694355034,0.08732162554057493,0.6700391075001327
Rotom,0.6408709980033594,0.17959961332059624,0.1795293998679724
Rowlet,0.5009388209012069,0.24438296346653798,0.2546782183783711
Rufflet,0.6187774793731298,0.22649382092888173,0.1547287024844151
Runerigus,0.4923843011962609,0.28118376334896306,0.2264319406618086
Sableye,0.3668191147697084,0.18273036366442277,0.4504505241477748
Salamence,0.3524365864186124,0.25907991211014714,0.388483508117497
Salandit,0.5067831195383358,0.31499481939516033,0.17822206591221465
Salazzle,0.251570846819474,0.11884760087575863,0.6295815488808633
Samurott,0.44147728121363616,0.3253213436288155,0.2332013795739243
Sandaconda,0.1857124117162564,0.09523584383904281,0.719051755964756
Sandile,0.3328988582400511,0.35895696800142296,0.3081441724857617
Sandshrew,0.45650195418611955,0.12501863868122817,0.41847939936346124
Sandslash,0.27519884027676766,0.0950592694374558,0.6297418951103676
Sandy Shocks,0.1901423308687905,0.09517959002942702,0.7146780928119253
Sandygast,0.409263836271647,0.23003500620446474,0.36070116081585485
Sawk,0.41273661046128335,0.24081084300796016,0.3464525499509583
Sawsbuck,0.5392261394534956,0.26184616241460806,0.1989276980213657
Scatterbug,0.4803572753501102,0.27036207012275637,0.24928065272979433
Sceptile,0.4879076993572958,0.2734049966117156,0.2386873055863933
Scizor,0.33563504233820046,0.2100393158853114,0.45432564171970014
Scolipede,0.4761662775448647,0.23823346116030247,0.2856002602849649
Scorbunny,0.3446063460121581,0.1991172814976366,0.4562763750910499
Scovillain,0.35409230747964326,0.15794837454379326,0.4879593227921826
Scrafty,0.5264543506371624,0.2801549673655672,0.1933906748069121
Scraggy,0.5391781672942919,0.08365017296831292,0.3771716616113633
Scream Tail,0.39328936223940153,0.23602591704281906,0.3706847257094412
Scyther,0.44858480997694034,0.22968001600753082,0.3217351780040189
Seadra,0.4861108358130988,0.11248368124731559,0.40140548719826974
Seaking,0.5483964022906388,0.1654105204493081,0.28619307680055495
Seedot,0.292778496666637,0.24097220939860492,0.4662492945471345
Seel,0.5250612199306488,0.16025702933149544,0.31468175074098087
Seismitoad,0.2748841945278017,0.3327109152941327,0.3924048952023057
Sentret,0.32189289197029375,0.13945116698636076,0.5386559433240274
Serperior,0.2591677683648531,0.1933143627627388,0.5475178683999979
Servine,0.36383708050908925,0.3839434671981668,0.25221945588763256
Seviper,0.35881411171119126,0.1600578051459576,0.4811280928884766
Sewaddle,0.497118658042712,0.21196216034071755,0.29091918195915445
Sharpedo,0.6134316380429146,0.15497162416812865,0.23159673816555848
Shaymin,0.4064933148665903,0.1450255718193698,0.44848110937688257
Shedinja,0.5262711793762342,0.2531348602838236,0.220593958405842
Shelgon,0.39185171322215623,0.30337621534664716,0.30477207803563655
Shellder,0.323785539780564,0.1720566903860436,0.5041577716212754
Shellos,0.42955875168548846,0.09319495153740229,0.47724629660051304
Shelmet,0.49709556098325086,0.2726232378505509,0.23028120264071267
Shieldon,0.29530127660566285,0.1596525630984065,0.5450461602596522
Shiftry,0.3126953995032679,0.09508039895999462,0.5922242007957447
Shiinotic,0.3193770486686844,0.16825755785491003,0.5123653922588952
Shinx,0.3787461081519723,0.13739633139439225,0.48385756518315487
Shroodle,0.6120540029976679,0.14546301408225423,0.2424829739510365
Shroomish,0.45060896651461874,0.22266392219068498,0.3267271119179298
Shuckle,0.41565317339172553,0.2019573624437565,0.38238945663632706
Shuppet,0.5130742559157726,0.2853822396123885,0.20154350121609035
Sigilyph,0.3702143821817314,0.07868378015860744,0.5511018409868991
Silicobra,0.41699397720165066,0.3241074311143316,0.2588985912782862
Silvally,0.5794224490452072,0.09040908308942677,0.3301684679058583
Simipour,0.4656293903966999,0.17916358102369057,0.355207030511539
Simisage,0.372919773456414,0.36996055469294453,0.2571196720142521
Simisear,0.3184506218957225,0.48520444349155367,0.1963449369386299
Sinistcha,0.6084349628215955,0.2748853273712742,0.11667971065509371
Sinistea,0.4080942400150757,0.1797841196007473,0.4121216392866673
Sirfetch'd,0.48799341661028667,0.19755590824627486,0.31445067083763767
Sizzlipede,0.425656179631395,0.1933895140389942,0.3809543076216929
Skarmory,0.5505383087118216,0.21159580679914838,0.2378658834450806
Skeledirge,0.5062058849573853,0.3105797525591303,0.18321435858537133
Skiddo,0.49379191032279557,0.2667898901460079,0.23941820141884348
Skiploom,0.3501260231313852,0.21657406793388745,0.433299908287407
Skitty,0.34125284631134295,0.15688395305986186,0.5018631997209759
Skorupi,0.32425007125129923,0.16050784443359584,0.5152420831727795
Skrelp,0.5748428850854952,0.1869659695629507,0.2381911466534181
Skuntank,0.5709696962277617,0.14767118717648925,0.2813591169077794
Skwovet,0.5367164119264819,0.1380542462452275,0.3252293386080131
Slaking,0.46376649789246066,0.3428095206611787,0.19342398133222793
Slakoth,0.4754046261598721,0.29264246653611076,0.23195290602280533
Sliggoo,0.33224793744739145,0.2626724030747677,0.4050796600890213
Slither Wing,0.43111328076440514,0.2919097903731949,0.2769769330656058
Slowbro,0.39482032717103316,0.37857988472372744,0.22659978847050732
Slowking,0.5134983887082092,0.31576108001759906,0.17074052766331974
Slowpoke,0.4711778650060296,0.3101258418607441,0.21869628791781986
Slugma,0.5408578932649081,0.24681631283485958,0.21232579248598615
Slurpuff,0.4556841118680825,0.29492735996289726,0.2493885261528603
Smeargle,0.41295087947670756,0.16448238535293702,0.42256673421202734
Smoliv,0.35207036640495054,0.18103350811781216,0.4668961258390202
Smoochum,0.43867830485105513,0.4379796945489943,0.12334199473261828
Sneasel,0.32216517418073337,0.14512766108153477,0.5327071699191679
Sneasler,0.4941473575216839,0.2821304364396932,0.22372220836364065
Snivy,0.5072445391392858,0.3224105344857303,0.1703449260759085
Snom,0.21182564050848643,0.0590517628333646,0.7291225935541763
Snorlax,0.47441198475924984,0.24336030514511675,0.28222771158242327
Snorunt,0.19894652495410026,0.05087981826358096,0.7501736615901798
Snover,0.5168453408405185,0.20126739908009764,0.2818872686475515
Snubbull,0.3219693227082287,0.23452044179830073,0.44351023526573524
Sobble,0.28128678451468736,0.4278610588806176,0.29085215375898704
Solgaleo,0.4360917071078686,0.22968617121768278,0.3342221226602634
Solosis,0.3617366372217094,0.185350846458647,0.45291251608380867
Solrock,0.45331911755826815,0.3130442201717605,0.23363666430245647
Spearow,0.6187774793731298,0.22649382092888173,0.1547287024844151
Spectrier,0.5493472638857348,0.2641294398995418,0.1865232923827732
Spewpa,0.44052499941148987,0.2581570190153031,0.30131798273627386
Spheal,0.4855806974509189,0.24862739436843606,0.2657919096634954
Spidops,0.5037630004808307,0.09761377668473865,0.3986231990158558
Spinarak,0.24325617406755048,0.0896545079328674,0.6670893218487184
Spinda,0.4489142839932659,0.15298232317824534,0.39810340323795873
Spiritomb,0.3656781896047057,0.22361204177695543,0.4107097692965042
Spoink,0.2606918442994356,0.23301771497353913,0.5062904253602027
Sprigatito,0.4734620162915262,0.24181002435829496,0.284727958984385
Spritzee,0.20823288252133695,0.033896756247572914,0.7578703551774933
Squawkabilly,0.5282694281119368,0.22244610367140363,0.24928447158764233
Squirtle,0.5921591898502045,0.1849092895444746,0.22293152037183062
Stakataka,0.36275788564234973,0.1321001818073758,0.5051419282952945
Stantler,0.35473021700329305,0.13515371141630764,0.5101160722451782
Staraptor,0.3870363333227752,0.1694389135357854,0.44352475491546983
Staravia,0.4424273442911977,0.23120930318129496,0.326363351070573
Starly,0.36917533735543784,0.2009852019197983,0.4298394547487773
Starmie,0.48318746338372465,0.22230220701790449,0.29451033208189775
Staryu,0.5806565462463028,0.14999945030515835,0.26934400321504476
Steelix,0.5476978962217237,0.19625561409363276,0.25604648874674474
Steenee,0.46196623835809686,0.3368821823075147,0.20115158222021512
Stonjourner,0.3495231540630693,0.12329908064161625,0.5271777685245742
Stoutland,0.38025063229724765,0.097418056994987,0.5223313191284735
Stufful,0.3403856959095288,0.18153800755853652,0.4780762980433607
Stunfisk,0.45910886888913577,0.27334707493764937,0.26754405815740046
Sudowoodo,0.43750849174524564,0.19819790309133087,0.364293602929599
Suicune,0.21390467806014457,0.11633433792834492,0.6697609875936413
Sunflora,0.43554664015465855,0.22560691898118473,0.3388464364071129
Sunkern,0.3893272143715701,0.18230381746866164,0.4283689609111612
Surskit,0.23922894288947388,0.09490565368270666,0.665865400636738
Swablu,0.3308508686923786,0.13935593075888308,0.5297932050798251
Swadloon,0.3919897152617031,0.19348605246549203,0.4145242316982284
Swalot,0.3642812289384215,0.2392886351566588,0.39643013376071184
Swampert,0.45734785717946513,0.21722754046182938,0.32542460156535663
Swanna,0.4772793399757362,0.20766725888274407,0.3150534023623074
Swellow,0.5784389168478637,0.19888078582672664,0.22268029629430242
Swinub,0.47153015044932983,0.2577565325872905,0.2707133198549679
Swirlix,0.5136021506928262,0.23378694324665478,0.2526108974901338
Swoobat,0.4820705861499419,0.19286926125285536,0.32506015474375866
Sylveon,0.3139559549688384,0.07062222217720725,0.6154218261221015
Tadbulb,0.6083801947534084,0.160107366356533,0.2315124357119202
Taillow,0.45332342609388115,0.21444147295043517,0.33223510543259493
Talonflame,0.4671448785697156,0.21576293137260388,0.31709219270088085
Tandemaus,0.5454862063340041,0.25678257303818136,0.1977312189867339
Tangela,0.6092454177960185,0.16233523635243466,0.228419343734743
Tangrowth,0.6092454177960185,0.16233523635243466,0.228419343734743
Tapu Bulu,0.48357874173928517,0.14137391582705053,0.37504734148553204
Tapu Fini,0.48357874173928517,0.14137391582705053,0.37504734148553204
Tapu Koko,0.48357874173928517,0.14137391582705053,0.37504734148553204
Tapu Lele,0.236475430901919,0.13638679093128298,0.6271377796656452
Tatsugiri,0.40649615162862585,0.07648200726134545,0.5170218389465179
Tauros,0.3217756630774067,0.13954374843503015,0.5386805937057088
Teddiursa,0.42189167540580513,0.12566515419917598,0.4524431677174664
Tentacool,0.37971493453401456,0.18475260318814682,0.43553246367354315
Tentacruel,0.5375522908554236,0.27300649937360155,0.18944120658207916
Tepig,0.2841797818077131,0.05412939292134586,0.6616908183086265
Terapagos,0.569379080215241,0.29632466510045147,0.13429625696331562
Terrakion,0.6754444052773828,0.11002941898648069,0.214526176839368
Thievul,0.49720575938214345,0.24728498351390768,0.25550925790734336
Throh,0.495481254030019,0.2330714562255889,0.27144729156047104
Thundurus,0.5361120291054249,0.1585325551917776,0.3053554017096758
Thwackey,0.5607501385560216,0.22409301935277404,0.21515684222270332
Timburr,0.5593394625974575,0.18846498100956408,0.2521955571756959
Ting-Lu,0.5205168686339825,0.250714195678578,0.2287689345191136
Tinkatink,0.48236240556044196,0.26112255871616646,0.25651503438345885
Tinkaton,0.3662959883277792,0.1729946829894158,0.46070932360765127
Tinkatuff,0.464484446690822,0.33104431831479986,0.20447122947892768
Tirtouga,0.5511030456038785,0.22431283701887406,0.22458411920670507
Toedscool,0.4506733354778503,0.16299900907654102,0.38632765839333244
Toedscruel,0.46732757821538834,0.2736953960295189,0.25897702638052056
Togedemaru,0.4930249449080004,0.2810060692200851,0.22596898859381553
Togekiss,0.3656994867270267,0.38791394754280006,0.2463865638240193
Togepi,0.37147959302069605,0.26072438945849163,0.3677960220429329
Togetic,0.2464820216991938,0.09175399976666081,0.6617639786563814
Torchic,0.4134062665945126,0.2538311747626091,0.3327625606593986
Torkoal,0.4299623282899555,0.20111701432184015,0.36892065497719356
Tornadus,0.33710221002499263,0.12796415915945542,0.5349336315877735
Torracat,0.511432311106309,0.25782529459687004,0.2307423950792322
Torterra,0.44081204299121585,0.2065718920386071,0.35261606474586893
Totodile,0.43360891988032035,0.12183780494631245,0.4445532855289035
Toucannon,0.42880919368322845,0.26523866972844734,0.30595213836838897
Toxapex,0.4486210182200465,0.24519300581119066,0.3061859776730643
Toxel,0.3204296049898711,0.19365537875347721,0.48591501046350954
Toxicroak,0.34985527314427417,0.24645364603095843,0.4036910760488997
Toxtricity,0.33486017532646656,0.2688971524778753,0.3962426625005901
Tranquill,0.4638052283314528,0.2562707981826471,0.2799239769082081
Trapinch,0.354759684960807,0.09642550733018682,0.5488148087233558
Treecko,0.19083589237008208,0.09580834077384605,0.7133557686669768
Trevenant,0.2296450465242534,0.11666883424005697,0.6536861242251408
Tropius,0.4192114230772922,0.33295684316884616,0.24783173455786753
Trubbish,0.333650851502295,0.23192423311346985,0.4344249170515274
Trumbeak,0.3623860622724731,0.19784918183493153,0.4397647579716026
Tsareena,0.4921365138854728,0.12924550128001197,0.378617994105702
Turtonator,0.5641956421811273,0.2176737686373576,0.21813059165302343
Turtwig,0.3545240666272037,0.1507882793560119,0.4946876550019084
Tympole,0.3535492056635795,0.41160031784912227,0.23485048194588332
Tynamo,0.29530127660566285,0.1596525630984065,0.5450461602596522
Type: Null,0.5405198980544536,0.2787423789546584,0.18073772030552568
Typhlosion,0.4103509747720737,0.3256339003225245,0.264015127141546
Tyranitar,0.20486472753162321,0.06462389676612056,0.7305113775443963
Tyrantrum,0.46122012109485233,0.26131013404466347,0.2774697449319901
Tyrogue,0.30068273809207163,0.18285912596589363,0.5164581361858037
Tyrunt,0.40572673754401545,0.24647370472759428,0.34779955907623394
Umbreon,0.2949056158093361,0.136439911861562,0.5686544740045475
Unfezant,0.5067043105083017,0.25329779401779745,0.23999789699195664
Unown,0.6055475967721298,0.2137316922128845,0.18072070557480818
Ursaluna,0.523592045399196,0.20471166338538746,0.27169628779896915
Ursaring,0.3175543988891058,0.32758824540367676,0.35485735781790323
Urshifu,0.46121668062793714,0.2344744631619606,0.3043088533579268
Uxie,0.5072445391392858,0.3224105344857303,0.1703449260759085
Vanillish,0.3794923596490865,0.30380242640891814,0.3167052152195374
Vanillite,0.3457273055229298,0.32015936996672534,0.3341133202921387
Vanilluxe,0.44279099807608874,0.19896656244527547,0.3582424483262002
Vaporeon,0.3528892868566502,0.2141091650383086,0.43300155319011036
Varoom,0.5341632515665585,0.2806471180115527,0.1851896268189332
Veluza,0.4385907572547072,0.20499222120270127,0.35641701601592723
Venipede,0.12856056666267765,0.027455469180962824,0.8439839767558234
Venomoth,0.5889673802804777,0.27294453770221333,0.1380880836821426
Venonat,0.5407202683253151,0.1891151105702509,0.27016462215347986
Venusaur,0.42755121594438183,0.3069915478356564,0.2654572274559774
Vespiquen,0.42263658584228586,0.35779405383038376,0.21956935777728043
Vibrava,0.35567813625397243,0.17976256032757781,0.4645593090468775
Victini,0.5477079184794867,0.2671345429506474,0.1851575387710774
Victreebel,0.5244719093292951,0.2958344361023046,0.17969365357421335
Vigoroth,0.5939663901782563,0.20989883052446878,0.19613478012999766
Vikavolt,0.4524417420084189,0.3408205820505308,0.20673767532321752
Vileplume,0.2568764853291213,0.12084006052636712,0.6222834545498093
Virizion,0.4753743593745221,0.2960398637490172,0.2285857752187449
Vivillon,0.42816877607749765,0.29422604838013383,0.2776051760323844
Volcanion,0.5210779394491777,0.25489671817562204,0.224025344926792
Volcarona,0.4646194662775351,0.23700151407771392,0.2983790247628173
Voltorb,0.5806565462463028,0.14999945030515835,0.26934400321504476
Vulpix,0.35902928960775693,0.14969364933702825,0.4912770612298378
Wailmer,0.5275236309056555,0.2924935777951958,0.1799827903991018
Wailord,0.49036197730509395,0.24841391197934912,0.2612241071521897
Walking Wake,0.5309900716144257,0.2246557527206956,0.24435417174248306
Walrein,0.522187902519363,0.0701939491955272,0.40761814985307865
Wartortle,0.48628526025318675,0.31986861435164293,0.19384612389174952
Watchog,0.398374051293246,0.3850556014116898,0.2165703497131366
Wattrel,0.45332342609388115,0.21444147295043517,0.33223510543259493
Weavile,0.4594107231022705,0.3227893562513241,0.2177999085285316
Weedle,0.17912079264911318,0.1890946220463285,0.6317846017818038
Weepinbell,0.5904496088582237,0.1335769870658843,0.2759734029451493
Weezing,0.4701240399412604,0.22432513916606286,0.30555082151032464
Whimsicott,0.501322695130313,0.29669448358895767,0.2019828201398592
Whirlipede,0.39346384665480366,0.06474984998435329,0.5417862964104171
Whiscash,0.42732696265000575,0.2319547354743765,0.3407183021095953
Whismur,0.4840765111992616,0.24023338209767756,0.27569011312305247
Wigglytuff,0.5012870547253379,0.2430192235922224,0.25569372605207524
Wiglett,0.5846819833221962,0.242777434933966,0.17254058325637636
Wimpod,0.44571691822116644,0.21189627306004938,0.3423868101810056
Wingull,0.4209143721347168,0.38389663228064985,0.1951889983676999
Wishiwashi,0.5425801599152424,0.16659904608318607,0.29082079276886913
Wo-Chien,0.4511265834064587,0.21086421640306383,0.3380091903812211
Wobbuffet,0.5551871700076069,0.31193883017432394,0.1328740116299652
Woobat,0.4568551446116248,0.07273986650009946,0.4704049918324102
Wooloo,0.44341278340895074,0.2927989763689865,0.26378824375270354
Wooper,0.4529651381358248,0.12790428401927664,0.4191305806211871
Wormadam,0.31828582733231336,0.2645977330699014,0.4171164418343776
Wugtrio,0.5878401131037323,0.25184285529386036,0.16031702468171713
Wurmple,0.2919917764250659,0.2318813347922258,0.47612688956709887
Wynaut,0.40017891731831223,0.36334515666449757,0.23647592595277897
Wyrdeer,0.3198472273145472,0.19203187783639275,0.4881208997760569
Xatu,0.3175771448570171,0.17263767226252186,0.5097851822618135
Xerneas,0.2739366179270792,0.15163756564990083,0.5744258251743849
Xurkitree,0.34941449244178385,0.22197931816262814,0.42860618625906133
Yamask,0.34803921600373894,0.5025686343701986,0.14939215911838868
Yamper,0.32672107163040587,0.5356423531270896,0.1376365763523305
Yanma,0.5535116993912286,0.23785754744427468,0.20863075733124728
Yanmega,0.3411628969479352,0.16773133588971434,0.49110576460537103
Yungoos,0.5097974187892044,0.21210755069570783,0.27809503081094733
Yveltal,0.4473660860098148,0.3409638751349755,0.2116700381340596
Zacian,0.39824629446983073,0.23932467068353472,0.3624290362270982
Zamazenta,0.4283390904714664,0.20569252062744148,0.3659683878968159
Zangoose,0.6326261592599062,0.24201139152193296,0.12536244422125697
Zapdos,0.6701983845477181,0.14201087656696806,0.18779073909301652
Zarude,0.43452704293696687,0.4060656247102807,0.15940733674188076
Zekrom,0.5059451723440749,0.32152353231718794,0.17253129168978476
Zeraora,0.5831227480973068,0.1955690678012998,0.22130818312105374
Zigzagoon,0.3423936015618874,0.13579322217359327,0.521813177598586
Zoroark,0.47633375353793533,0.24529124552911044,0.27837500035358487
Zorua,0.3808317456730745,0.1393405676547748,0.4798276826364195
Zubat,0.5921591898502045,0.1849092895444746,0.22293152037183062
Zweilous,0.40840254494777095,0.11643756238313817,0.47515989732570374
Zygarde,0.425382035971648,0.18522231515194523,0.3893956497201177
